GC,title,lower,nospace,url,lat,lon,numfind,numpage
GC760,Beginners Luck? First Geocache in New Brunswick !,beginners luck first geocache in new brunswick ,beginners-luck-first-geocache-in-new-brunswick,https://www.geocaching.com/geocache/GC760_beginners-luck-first-geocache-in-new-brunswick,N 47° 59.308,W 066° 52.204,455,19
GC4BF0,Stumpy in Fredericton,stumpy in fredericton,stumpy-in-fredericton,https://www.geocaching.com/geocache/GC4BF0_stumpy-in-fredericton,N 45° 57.157,W 066° 40.488,550,22
GC57DE,The home of the largest frog ever,the home of the largest frog ever,the-home-of-the-largest-frog-ever,https://www.geocaching.com/geocache/GC57DE_the-home-of-the-largest-frog-ever,N 46° 00.863,W 066° 37.636,486,20
GC7F4E,Ayer's Lake Lookout,ayers lake lookout,ayers-lake-lookout,https://www.geocaching.com/geocache/GC7F4E_ayers-lake-lookout,N 46° 12.190,W 067° 18.809,33,2
GCGKPM,Matthew's Brook Nature Trail,matthews brook nature trail,matthews-brook-nature-trail,https://www.geocaching.com/geocache/GCGKPM_matthews-brook-nature-trail,N 45° 26.382,W 065° 58.256,22,1
GCGTGC,1100ft Up Friar's Nose,1100ft up friars nose,1100ft-up-friars-nose,https://www.geocaching.com/geocache/GCGTGC_1100ft-up-friars-nose,N 45° 38.940,W 065° 25.098,11,1
GCH1T3,Frasers Trail,frasers trail,frasers-trail,https://www.geocaching.com/geocache/GCH1T3_frasers-trail,N 46° 53.758,W 067° 23.866,16,1
GCHHB1,Grocery List (New Coordinates),grocery list (new coordinates),grocery-list-new-coordinates,https://www.geocaching.com/geocache/GCHHB1_grocery-list-new-coordinates,N 45° 58.136,W 066° 46.127,58,3
GCHY8P,Maple's Home,maples home,maples-home,https://www.geocaching.com/geocache/GCHY8P_maples-home,N 45° 56.696,W 066° 45.443,106,5
GCJ0AF,North Stream Floodplain,north stream floodplain,north-stream-floodplain,https://www.geocaching.com/geocache/GCJ0AF_north-stream-floodplain,N 45° 52.071,W 066° 42.074,158,7
GCK5MW,Witches & Trolls of Odell Park,witches & trolls of odell park,witches-&-trolls-of-odell-park,https://www.geocaching.com/geocache/GCK5MW_witches-&-trolls-of-odell-park,N 45° 57.225,W 066° 39.838,737,30
GCKCW1,"Deep, deep, right field",deep deep right field,deep-deep-right-field,https://www.geocaching.com/geocache/GCKCW1_deep-deep-right-field,N 45° 56.940,W 066° 40.070,36,2
GCKFX2,The Invasion of Miramichi has Begun!,the invasion of miramichi has begun,the-invasion-of-miramichi-has-begun,https://www.geocaching.com/geocache/GCKFX2_the-invasion-of-miramichi-has-begun,N 47° 04.123,W 065° 22.419,19,1
GCMB8M,Dead Brook Cache,dead brook cache,dead-brook-cache,https://www.geocaching.com/geocache/GCMB8M_dead-brook-cache,N 45° 39.247,W 066° 59.776,69,3
GCMD0Z,New Years Day 2005,new years day 2005,new-years-day-2005,https://www.geocaching.com/geocache/GCMD0Z_new-years-day-2005,N 46° 58.072,W 065° 35.983,125,5
GCMMX5,Lost a cache!!,lost a cache,lost-a-cache,https://www.geocaching.com/geocache/GCMMX5_lost-a-cache,N 46° 58.970,W 065° 18.550,80,4
GCN6EF,A Million Dollar View,a million dollar view,a-million-dollar-view,https://www.geocaching.com/geocache/GCN6EF_a-million-dollar-view,N 45° 51.989,W 066° 51.876,51,3
GCN8Z7,#1 Scout Scenic Series - 300 Year Old Tree,1 scout scenic series  300 year old tree,1-scout-scenic-series-300-year-old-tree,https://www.geocaching.com/geocache/GCN8Z7_1-scout-scenic-series-300-year-old-tree,N 46° 48.179,W 067° 43.799,188,8
GCNR6Y,New Beautiful Smith Falls,new beautiful smith falls,new-beautiful-smith-falls,https://www.geocaching.com/geocache/GCNR6Y_new-beautiful-smith-falls,N 45° 36.775,W 065° 47.344,57,3
GCNXJ0,"In memory of ""CASPER""","in memory of ""casper""",in-memory-of-casper,https://www.geocaching.com/geocache/GCNXJ0_in-memory-of-casper,N 45° 57.284,W 066° 40.556,463,19
GCNZV7,The Bend In The River,the bend in the river,the-bend-in-the-river,https://www.geocaching.com/geocache/GCNZV7_the-bend-in-the-river,N 45° 33.304,W 067° 06.326,125,5
GCP5G1,McAdam Tunnel,mcadam tunnel,mcadam-tunnel,https://www.geocaching.com/geocache/GCP5G1_mcadam-tunnel,N 45° 35.739,W 067° 19.522,133,6
GCP88V,Longest converted train bridge in North America,longest converted train bridge in north america,longest-converted-train-bridge-in-north-america,https://www.geocaching.com/geocache/GCP88V_longest-converted-train-bridge-in-north-america,N 45° 57.360,W 066° 38.090,690,28
GCPCJ1,Escuminac Memorial,escuminac memorial,escuminac-memorial,https://www.geocaching.com/geocache/GCPCJ1_escuminac-memorial,N 47° 04.748,W 064° 53.235,139,6
GCPQND,While at Killarney,while at killarney,while-at-killarney,https://www.geocaching.com/geocache/GCPQND_while-at-killarney,N 46° 01.236,W 066° 37.393,183,8
GCQ974,Bluff Hill Tower,bluff hill tower,bluff-hill-tower,https://www.geocaching.com/geocache/GCQ974_bluff-hill-tower,N 46° 00.159,W 066° 41.045,41,2
GCQHZM,Four Falls Earthcache,four falls earthcache,four-falls-earthcache,https://www.geocaching.com/geocache/GCQHZM_four-falls-earthcache,N 46° 49.406,W 067° 44.256,160,7
GCRJDG,1st New Maryland Cubs Cache #1,1st new maryland cubs cache 1,1st-new-maryland-cubs-cache-1,https://www.geocaching.com/geocache/GCRJDG_1st-new-maryland-cubs-cache-1,N 45° 55.035,W 066° 39.870,129,6
GCRV39,A little Park In Rothesay,a little park in rothesay,a-little-park-in-rothesay,https://www.geocaching.com/geocache/GCRV39_a-little-park-in-rothesay,N 45° 22.322,W 066° 00.586,188,8
GCT516,Tower Road,tower road,tower-road,https://www.geocaching.com/geocache/GCT516_tower-road,N 45° 40.372,W 067° 04.744,63,3
GCVXK6,End of a mighty birch,end of a mighty birch,end-of-a-mighty-birch,https://www.geocaching.com/geocache/GCVXK6_end-of-a-mighty-birch,N 45° 56.173,W 066° 40.852,134,6
GCXFRZ,Little Yoho,little yoho,little-yoho,https://www.geocaching.com/geocache/GCXFRZ_little-yoho,N 45° 45.904,W 066° 52.521,36,2
GCXJMY,Git-R-Done,gitrdone,gitrdone,https://www.geocaching.com/geocache/GCXJMY_gitrdone,N 45° 56.234,W 066° 42.008,100,4
GCXM80,Let's Go Tubing!,lets go tubing,lets-go-tubing,https://www.geocaching.com/geocache/GCXM80_lets-go-tubing,N 46° 55.412,W 065° 57.456,18,1
GCY343,Tweety's new home (Sussex),tweetys new home (sussex),tweetys-new-home-sussex,https://www.geocaching.com/geocache/GCY343_tweetys-new-home-sussex,N 45° 43.862,W 065° 32.025,139,6
GCYDRX,Deep in Frog Country,deep in frog country,deep-in-frog-country,https://www.geocaching.com/geocache/GCYDRX_deep-in-frog-country,N 45° 57.091,W 066° 36.521,116,5
GCZ015,Rainy Day Cache,rainy day cache,rainy-day-cache,https://www.geocaching.com/geocache/GCZ015_rainy-day-cache,N 46° 45.353,W 065° 31.291,18,1
GCZ8BY,Welcome to the Rock!,welcome to the rock,welcome-to-the-rock,https://www.geocaching.com/geocache/GCZ8BY_welcome-to-the-rock,N 46° 54.215,W 065° 58.383,36,2
GCZME9,Old Chevy,old chevy,old-chevy,https://www.geocaching.com/geocache/GCZME9_old-chevy,N 45° 56.689,W 066° 40.651,512,21
GCZRAQ,Northern NB Friendly Giant Series #5,northern nb friendly giant series 5,northern-nb-friendly-giant-series-5,https://www.geocaching.com/geocache/GCZRAQ_northern-nb-friendly-giant-series-5,N 46° 59.370,W 065° 35.974,58,3
GC102XF,'Skidder' Done!,skidder done,skidder-done,https://www.geocaching.com/geocache/GC102XF_skidder-done,N 46° 00.619,W 066° 37.301,186,8
GC102YA,Hiker's Requiem,hikers requiem,hikers-requiem,https://www.geocaching.com/geocache/GC102YA_hikers-requiem,N 46° 00.650,W 066° 37.597,248,10
GC108XJ,Totally Stumped,totally stumped,totally-stumped,https://www.geocaching.com/geocache/GC108XJ_totally-stumped,N 46° 00.537,W 066° 37.470,186,8
GC108XQ,Fork in the Road,fork in the road,fork-in-the-road,https://www.geocaching.com/geocache/GC108XQ_fork-in-the-road,N 46° 00.429,W 066° 37.635,187,8
GC108Y8,Pirate's Compass,pirates compass,pirates-compass,https://www.geocaching.com/geocache/GC108Y8_pirates-compass,N 45° 57.480,W 066° 35.893,115,5
GC10JZ6,La Source,la source,la-source,https://www.geocaching.com/geocache/GC10JZ6_la-source,N 46° 44.490,W 065° 24.212,50,2
GC10MHE,Holy Populars!,holy populars,holy-populars,https://www.geocaching.com/geocache/GC10MHE_holy-populars,N 45° 59.535,W 065° 57.858,82,4
GC10MHF,Cumberland Maples,cumberland maples,cumberland-maples,https://www.geocaching.com/geocache/GC10MHF_cumberland-maples,N 45° 57.741,W 065° 57.873,86,4
GC12E13,New Maryland Poop Pond,new maryland poop pond,new-maryland-poop-pond,https://www.geocaching.com/geocache/GC12E13_new-maryland-poop-pond,N 45° 54.274,W 066° 40.783,45,2
GC13DMT,Jim52's 5000th Find Travel Bug Hotel,jim52s 5000th find travel bug hotel,jim52s-5000th-find-travel-bug-hotel,https://www.geocaching.com/geocache/GC13DMT_jim52s-5000th-find-travel-bug-hotel,N 45° 53.447,W 066° 41.559,194,8
GC14KN2,Honor Roll,honor roll,honor-roll,https://www.geocaching.com/geocache/GC14KN2_honor-roll,N 47° 00.096,W 065° 33.779,195,8
GC15HN1,Man made Cliff,man made cliff,man-made-cliff,https://www.geocaching.com/geocache/GC15HN1_man-made-cliff,N 45° 57.111,W 066° 41.120,325,13
GC164AD,New Market Recreation Centre,new market recreation centre,new-market-recreation-centre,https://www.geocaching.com/geocache/GC164AD_new-market-recreation-centre,N 45° 50.109,W 066° 55.816,27,2
GC173XE,Grand View of Little River Falls,grand view of little river falls,grand-view-of-little-river-falls,https://www.geocaching.com/geocache/GC173XE_grand-view-of-little-river-falls,N 47° 03.034,W 067° 44.371,265,11
GC194N3,Turn off for beavers,turn off for beavers,turn-off-for-beavers,https://www.geocaching.com/geocache/GC194N3_turn-off-for-beavers,N 45° 54.911,W 066° 40.867,110,5
GC1BP5Q,Down in the Dumps,down in the dumps,down-in-the-dumps,https://www.geocaching.com/geocache/GC1BP5Q_down-in-the-dumps,N 45° 52.788,W 066° 36.656,173,7
GC1C2MT,Shady Shed,shady shed,shady-shed,https://www.geocaching.com/geocache/GC1C2MT_shady-shed,N 45° 55.345,W 066° 36.416,125,5
GC1CCK9,Kid's Country,kids country,kids-country,https://www.geocaching.com/geocache/GC1CCK9_kids-country,N 45° 57.745,W 066° 34.458,35,2
GC1F3HN,HR Gags 'n Stuff,hr gags n stuff,hr-gags-n-stuff,https://www.geocaching.com/geocache/GC1F3HN_hr-gags-n-stuff,N 45° 59.545,W 066° 38.662,102,5
GC1H6KW,New Brunswick Alphanumeric Challenge,new brunswick alphanumeric challenge,new-brunswick-alphanumeric-challenge,https://www.geocaching.com/geocache/GC1H6KW_new-brunswick-alphanumeric-challenge,N 45° 55.905,W 065° 48.114,56,3
GC1HJRJ,2nd Southwestern NB Friendly Giant Series,2nd southwestern nb friendly giant series,2nd-southwestern-nb-friendly-giant-series,https://www.geocaching.com/geocache/GC1HJRJ_2nd-southwestern-nb-friendly-giant-series,N 45° 51.273,W 066° 48.289,91,4
GC1HN8M,3rd Southwestern NB Friendly Giant Series,3rd southwestern nb friendly giant series,3rd-southwestern-nb-friendly-giant-series,https://www.geocaching.com/geocache/GC1HN8M_3rd-southwestern-nb-friendly-giant-series,N 45° 49.268,W 066° 49.927,106,5
GC1HN8N,4th Southwestern NB Friendly Giant Series,4th southwestern nb friendly giant series,4th-southwestern-nb-friendly-giant-series,https://www.geocaching.com/geocache/GC1HN8N_4th-southwestern-nb-friendly-giant-series,N 45° 44.613,W 066° 55.602,122,5
GC1HN8P,5th Southwestern NB Friendly Giant Series,5th southwestern nb friendly giant series,5th-southwestern-nb-friendly-giant-series,https://www.geocaching.com/geocache/GC1HN8P_5th-southwestern-nb-friendly-giant-series,N 45° 44.725,W 066° 56.104,73,3
GC1HZ3X,The Welcomer,the welcomer,the-welcomer,https://www.geocaching.com/geocache/GC1HZ3X_the-welcomer,N 46° 42.935,W 065° 50.116,39,2
GC1JG5E,One Step Beyond,one step beyond,one-step-beyond,https://www.geocaching.com/geocache/GC1JG5E_one-step-beyond,N 45° 56.121,W 066° 39.982,472,19
GC1JPQ6,A Busy Hive,a busy hive,a-busy-hive,https://www.geocaching.com/geocache/GC1JPQ6_a-busy-hive,N 45° 56.633,W 066° 41.387,349,14
GC1JVW5,8th Southwestern NB Friendly Giant Series,8th southwestern nb friendly giant series,8th-southwestern-nb-friendly-giant-series,https://www.geocaching.com/geocache/GC1JVW5_8th-southwestern-nb-friendly-giant-series,N 45° 51.334,W 066° 55.551,78,4
GC1MCJJ,Heavy Metal,heavy metal,heavy-metal,https://www.geocaching.com/geocache/GC1MCJJ_heavy-metal,N 45° 59.126,W 066° 40.705,86,4
GC1Q7D1,A View of Princess Margaret Bridge,a view of princess margaret bridge,a-view-of-princess-margaret-bridge,https://www.geocaching.com/geocache/GC1Q7D1_a-view-of-princess-margaret-bridge,N 45° 55.581,W 066° 36.671,282,12
GC1T3WR,The New Maryland Castle,the new maryland castle,the-new-maryland-castle,https://www.geocaching.com/geocache/GC1T3WR_the-new-maryland-castle,N 45° 53.879,W 066° 40.904,129,6
GC1T3Z5,Fishing trips '04-'09,fishing trips 0409,fishing-trips-0409,https://www.geocaching.com/geocache/GC1T3Z5_fishing-trips-0409,N 45° 36.110,W 067° 20.276,23,1
GC1VQB9,Need a light?,need a light,need-a-light,https://www.geocaching.com/geocache/GC1VQB9_need-a-light,N 45° 55.492,W 066° 42.744,99,4
GC1XCX6,Between and Betwix,between and betwix,between-and-betwix,https://www.geocaching.com/geocache/GC1XCX6_between-and-betwix,N 45° 50.253,W 066° 53.730,76,4
GC1XHAN,Lake Connector Series: Kingfisher,lake connector series kingfisher,lake-connector-series-kingfisher,https://www.geocaching.com/geocache/GC1XHAN_lake-connector-series-kingfisher,N 45° 45.417,W 067° 01.377,48,2
GC1Y0C6,Nashwaak River,nashwaak river,nashwaak-river,https://www.geocaching.com/geocache/GC1Y0C6_nashwaak-river,N 46° 14.357,W 066° 36.689,80,4
GC1ZKWY,French Fort Stroll,french fort stroll,french-fort-stroll,https://www.geocaching.com/geocache/GC1ZKWY_french-fort-stroll,N 47° 01.143,W 065° 32.801,195,8
GC1ZNZJ,"Renforth,New Brunswick",renforthnew brunswick,renforthnew-brunswick,https://www.geocaching.com/geocache/GC1ZNZJ_renforthnew-brunswick,N 45° 21.608,W 066° 00.848,91,4
GC217Q5,Clear as Mud,clear as mud,clear-as-mud,https://www.geocaching.com/geocache/GC217Q5_clear-as-mud,N 45° 49.679,W 067° 10.576,13,1
GC219Y7,forgotten park,forgotten park,forgotten-park,https://www.geocaching.com/geocache/GC219Y7_forgotten-park,N 45° 58.827,W 066° 36.126,94,4
GC22PN3,Cherry Mountain Cemetary,cherry mountain cemetary,cherry-mountain-cemetary,https://www.geocaching.com/geocache/GC22PN3_cherry-mountain-cemetary,N 45° 43.610,W 067° 00.898,96,4
GC234ZN,"10 Years! Fredericton, New Brunswick, Canada",10 years fredericton new brunswick canada,10-years-fredericton-new-brunswick-canada,https://www.geocaching.com/geocache/GC234ZN_10-years-fredericton-new-brunswick-canada,N 45° 47.540,W 066° 51.132,23,1
GC23NDT,Outback New Maryland,outback new maryland,outback-new-maryland,https://www.geocaching.com/geocache/GC23NDT_outback-new-maryland,N 45° 53.709,W 066° 41.877,42,2
GC23PA5,Yoho Scout Reserve,yoho scout reserve,yoho-scout-reserve,https://www.geocaching.com/geocache/GC23PA5_yoho-scout-reserve,N 45° 47.733,W 066° 51.151,170,7
GC23RWK,Miramichi Landing,miramichi landing,miramichi-landing,https://www.geocaching.com/geocache/GC23RWK_miramichi-landing,N 47° 01.849,W 065° 28.220,313,13
GC24D57,"Patience, Dear",patience dear,patience-dear,https://www.geocaching.com/geocache/GC24D57_patience-dear,N 45° 55.489,W 066° 38.982,173,7
GC24XKV,Sunday Drive Series--Prince William Cemetery,sunday drive seriesprince william cemetery,sunday-drive-seriesprince-william-cemetery,https://www.geocaching.com/geocache/GC24XKV_sunday-drive-seriesprince-william-cemetery,N 45° 52.737,W 066° 59.352,152,7
GC25FBG,New Lenentine Cemetery,new lenentine cemetery,new-lenentine-cemetery,https://www.geocaching.com/geocache/GC25FBG_new-lenentine-cemetery,N 45° 59.618,W 067° 26.000,28,2
GC25G6W,Out in the open,out in the open,out-in-the-open,https://www.geocaching.com/geocache/GC25G6W_out-in-the-open,N 45° 57.783,W 066° 37.291,271,11
GC25GVW,Little Penguin,little penguin,little-penguin,https://www.geocaching.com/geocache/GC25GVW_little-penguin,N 45° 59.416,W 066° 37.922,313,13
GC25JK3,Maxwell Cemetery,maxwell cemetery,maxwell-cemetery,https://www.geocaching.com/geocache/GC25JK3_maxwell-cemetery,N 45° 53.470,W 067° 41.621,43,2
GC26784,Lo Tommie,lo tommie,lo-tommie,https://www.geocaching.com/geocache/GC26784_lo-tommie,N 45° 33.808,W 067° 25.497,57,3
GC268CR,"""Between a Park and a Back Place""","""between a park and a back place""",between-a-park-and-a-back-place,https://www.geocaching.com/geocache/GC268CR_between-a-park-and-a-back-place,N 45° 57.042,W 066° 38.838,179,8
GC26QD3,One for OLS,one for ols,one-for-ols,https://www.geocaching.com/geocache/GC26QD3_one-for-ols,N 45° 55.397,W 066° 52.733,139,6
GC271Y9,Seeker96's first Cache,seeker96s first cache,seeker96s-first-cache,https://www.geocaching.com/geocache/GC271Y9_seeker96s-first-cache,N 45° 58.737,W 066° 38.871,183,8
GC27GHP,The old road,the old road,the-old-road,https://www.geocaching.com/geocache/GC27GHP_the-old-road,N 45° 49.436,W 066° 49.675,48,2
GC28CNH,A New Road to Explore,a new road to explore,a-new-road-to-explore,https://www.geocaching.com/geocache/GC28CNH_a-new-road-to-explore,N 45° 27.552,W 066° 03.129,62,3
GC2AX5E,St. Luke,st luke,st-luke,https://www.geocaching.com/geocache/GC2AX5E_st-luke,N 46° 03.247,W 067° 14.730,44,2
GC2CHMA,Never Ending Series: The Overhang 1,never ending series the overhang 1,never-ending-series-the-overhang-1,https://www.geocaching.com/geocache/GC2CHMA_never-ending-series-the-overhang-1,N 45° 51.727,W 066° 54.787,27,2
GC2CHMF,Never Ending Series: The Overhang 2,never ending series the overhang 2,never-ending-series-the-overhang-2,https://www.geocaching.com/geocache/GC2CHMF_never-ending-series-the-overhang-2,N 45° 51.525,W 066° 54.737,22,1
GC2CR3B,New Market Rec Center,new market rec center,new-market-rec-center,https://www.geocaching.com/geocache/GC2CR3B_new-market-rec-center,N 45° 50.052,W 066° 55.830,68,3
GC2D48P,Big Old Tree,big old tree,big-old-tree,https://www.geocaching.com/geocache/GC2D48P_big-old-tree,N 45° 58.055,W 066° 36.355,167,7
GC2D81B,Cachers Cove,cachers cove,cachers-cove,https://www.geocaching.com/geocache/GC2D81B_cachers-cove,N 45° 44.200,W 067° 00.902,54,3
GC2D85W,It's Not my Fault!!,its not my fault,its-not-my-fault,https://www.geocaching.com/geocache/GC2D85W_its-not-my-fault,N 45° 54.978,W 066° 46.534,140,6
GC2DA6B,Unknown Baby,unknown baby,unknown-baby,https://www.geocaching.com/geocache/GC2DA6B_unknown-baby,N 45° 34.400,W 067° 23.367,82,4
GC2DHAM,New Maryland ATV Trail,new maryland atv trail,new-maryland-atv-trail,https://www.geocaching.com/geocache/GC2DHAM_new-maryland-atv-trail,N 45° 52.447,W 066° 41.633,51,3
GC2DHB1,Stumpy in New Maryland,stumpy in new maryland,stumpy-in-new-maryland,https://www.geocaching.com/geocache/GC2DHB1_stumpy-in-new-maryland,N 45° 52.545,W 066° 41.532,54,3
GC2DTGR,A Cache at Ingleside,a cache at ingleside,a-cache-at-ingleside,https://www.geocaching.com/geocache/GC2DTGR_a-cache-at-ingleside,N 45° 19.630,W 066° 12.099,20,1
GC2EKAX,Home Team Wins,home team wins,home-team-wins,https://www.geocaching.com/geocache/GC2EKAX_home-team-wins,N 45° 50.540,W 067° 01.905,59,3
GC2FTRJ,A Cache at Ononette,a cache at ononette,a-cache-at-ononette,https://www.geocaching.com/geocache/GC2FTRJ_a-cache-at-ononette,N 45° 19.876,W 066° 12.602,42,2
GC2FTT5,Chestnut Hill,chestnut hill,chestnut-hill,https://www.geocaching.com/geocache/GC2FTT5_chestnut-hill,N 45° 19.812,W 066° 12.364,78,4
GC2FTTK,Steven's Court,stevens court,stevens-court,https://www.geocaching.com/geocache/GC2FTTK_stevens-court,N 45° 19.517,W 066° 11.958,74,3
GC2FTV0,River Valley Ball Field,river valley ball field,river-valley-ball-field,https://www.geocaching.com/geocache/GC2FTV0_river-valley-ball-field,N 45° 19.395,W 066° 11.853,93,4
GC2FTV8,River Valley Community Center,river valley community center,river-valley-community-center,https://www.geocaching.com/geocache/GC2FTV8_river-valley-community-center,N 45° 19.284,W 066° 11.762,103,5
GC2GGQD,Granny's House,grannys house,grannys-house,https://www.geocaching.com/geocache/GC2GGQD_grannys-house,N 45° 58.390,W 066° 37.789,133,6
GC2GJ3D,A Walk with Portie #1,a walk with portie 1,a-walk-with-portie-1,https://www.geocaching.com/geocache/GC2GJ3D_a-walk-with-portie-1,N 45° 58.485,W 066° 38.483,162,7
GC2GJ41,A Walk with Portie #5,a walk with portie 5,a-walk-with-portie-5,https://www.geocaching.com/geocache/GC2GJ41_a-walk-with-portie-5,N 45° 58.219,W 066° 37.860,158,7
GC2HWE1,En Guard # 21,en guard  21,en-guard-21,https://www.geocaching.com/geocache/GC2HWE1_en-guard-21,N 45° 47.346,W 066° 41.716,121,5
GC2HWJF,A Royal Cache!,a royal cache,a-royal-cache,https://www.geocaching.com/geocache/GC2HWJF_a-royal-cache,N 46° 59.390,W 065° 34.552,129,6
GC2JBF0,Cannon Fodder,cannon fodder,cannon-fodder,https://www.geocaching.com/geocache/GC2JBF0_cannon-fodder,N 45° 57.190,W 066° 37.380,212,9
GC2JZ07,looking fir love?,looking fir love,looking-fir-love,https://www.geocaching.com/geocache/GC2JZ07_looking-fir-love,N 45° 56.788,W 066° 51.343,153,7
GC2K7DZ,Chickadee dee dee dee,chickadee dee dee dee,chickadee-dee-dee-dee,https://www.geocaching.com/geocache/GC2K7DZ_chickadee-dee-dee-dee,N 45° 54.223,W 067° 01.724,79,4
GC2KTJR,Jupiter,jupiter,jupiter,https://www.geocaching.com/geocache/GC2KTJR_jupiter,N 45° 59.358,W 066° 39.070,162,7
GC2M2EW,Special K57,special k57,special-k57,https://www.geocaching.com/geocache/GC2M2EW_special-k57,,,1,1
GC2RRPH,Wonder Where the Lions Are #1?,wonder where the lions are 1,wonder-where-the-lions-are-1,https://www.geocaching.com/geocache/GC2RRPH_wonder-where-the-lions-are-1,N 45° 19.155,W 066° 11.644,85,4
GC2RRQA,Wonder Where the Lions Are #2?,wonder where the lions are 2,wonder-where-the-lions-are-2,https://www.geocaching.com/geocache/GC2RRQA_wonder-where-the-lions-are-2,N 45° 19.056,W 066° 11.664,5,1
GC2RRQK,Pamdenac Place,pamdenac place,pamdenac-place,https://www.geocaching.com/geocache/GC2RRQK_pamdenac-place,N 45° 18.860,W 066° 11.660,8,1
GC2RRQX,View the Bay,view the bay,view-the-bay,https://www.geocaching.com/geocache/GC2RRQX_view-the-bay,N 45° 18.684,W 066° 11.608,109,5
GC2TCKM,Westfield Beach,westfield beach,westfield-beach,https://www.geocaching.com/geocache/GC2TCKM_westfield-beach,N 45° 21.197,W 066° 13.997,97,4
GC2TCMP,"""Reach"" for the View","""reach"" for the view",reach-for-the-view,https://www.geocaching.com/geocache/GC2TCMP_reach-for-the-view,N 45° 21.294,W 066° 14.091,44,2
GC2TCNH,Can You See the Ferry?,can you see the ferry,can-you-see-the-ferry,https://www.geocaching.com/geocache/GC2TCNH_can-you-see-the-ferry,N 45° 21.381,W 066° 14.156,104,5
GC2TCP6,Beach Woods,beach woods,beach-woods,https://www.geocaching.com/geocache/GC2TCP6_beach-woods,N 45° 21.466,W 066° 14.206,107,5
GC2TCQ2,Tall Cedar,tall cedar,tall-cedar,https://www.geocaching.com/geocache/GC2TCQ2_tall-cedar,N 45° 21.553,W 066° 14.299,42,2
GC2TCQP,End of the Line,end of the line,end-of-the-line,https://www.geocaching.com/geocache/GC2TCQP_end-of-the-line,N 45° 21.633,W 066° 14.366,65,3
GC2TCR9,While You Wait For The Bus,while you wait for the bus,while-you-wait-for-the-bus,https://www.geocaching.com/geocache/GC2TCR9_while-you-wait-for-the-bus,N 45° 21.658,W 066° 14.507,94,4
GC2V7K3,Behind the Lion's Den,behind the lions den,behind-the-lions-den,https://www.geocaching.com/geocache/GC2V7K3_behind-the-lions-den,N 45° 19.044,W 066° 11.613,89,4
GC2V7KR,Centrum,centrum,centrum,https://www.geocaching.com/geocache/GC2V7KR_centrum,N 45° 18.955,W 066° 11.775,58,3
GC2VPCQ,Fredericton needs a new bridge,fredericton needs a new bridge,fredericton-needs-a-new-bridge,https://www.geocaching.com/geocache/GC2VPCQ_fredericton-needs-a-new-bridge,N 45° 58.147,W 066° 38.096,92,4
GC2W322,Under Where? D4-T1,under where d4t1,under-where-d4t1,https://www.geocaching.com/geocache/GC2W322_under-where-d4t1,N 45° 58.199,W 066° 37.487,133,6
GC2Y9XH,Lake George Campground,lake george campground,lake-george-campground,https://www.geocaching.com/geocache/GC2Y9XH_lake-george-campground,N 45° 48.828,W 067° 03.854,49,2
GC2ZCFA,Woodman's Point RR Bed #1,woodmans point rr bed 1,woodmans-point-rr-bed-1,https://www.geocaching.com/geocache/GC2ZCFA_woodmans-point-rr-bed-1,N 45° 22.224,W 066° 13.998,96,4
GC2ZCFX,Woodman's Point RR Bed #2,woodmans point rr bed 2,woodmans-point-rr-bed-2,https://www.geocaching.com/geocache/GC2ZCFX_woodmans-point-rr-bed-2,N 45° 22.252,W 066° 13.874,64,3
GC2ZCGE,Woodman's Point RR Bed #3,woodmans point rr bed 3,woodmans-point-rr-bed-3,https://www.geocaching.com/geocache/GC2ZCGE_woodmans-point-rr-bed-3,N 45° 22.340,W 066° 13.566,24,1
GC2ZCH4,Hillandale,hillandale,hillandale,https://www.geocaching.com/geocache/GC2ZCH4_hillandale,N 45° 20.346,W 066° 13.142,101,5
GC2ZCHN,In Memory of our First Cache,in memory of our first cache,in-memory-of-our-first-cache,https://www.geocaching.com/geocache/GC2ZCHN_in-memory-of-our-first-cache,N 45° 19.618,W 066° 12.088,74,3
GC2ZCRW,Saved by the Bells,saved by the bells,saved-by-the-bells,https://www.geocaching.com/geocache/GC2ZCRW_saved-by-the-bells,N 45° 48.239,W 067° 03.468,40,2
GC2ZEBW,Boulderwalk too,boulderwalk too,boulderwalk-too,https://www.geocaching.com/geocache/GC2ZEBW_boulderwalk-too,N 45° 36.629,W 067° 26.990,20,1
GC2ZKRJ,Fairy's Perch guarding the last of the Ents,fairys perch guarding the last of the ents,fairys-perch-guarding-the-last-of-the-ents,https://www.geocaching.com/geocache/GC2ZKRJ_fairys-perch-guarding-the-last-of-the-ents,N 45° 57.104,W 066° 39.940,275,11
GC303HT,Tubing Down the Nashwaak!,tubing down the nashwaak,tubing-down-the-nashwaak,https://www.geocaching.com/geocache/GC303HT_tubing-down-the-nashwaak,N 46° 08.494,W 066° 37.115,5,1
GC31Y7M,Kingsclear Kilburn Community Cemetery,kingsclear kilburn community cemetery,kingsclear-kilburn-community-cemetery,https://www.geocaching.com/geocache/GC31Y7M_kingsclear-kilburn-community-cemetery,N 45° 55.295,W 066° 52.823,110,5
GC31Z3M,Man That Is a Big One!,man that is a big one,man-that-is-a-big-one,https://www.geocaching.com/geocache/GC31Z3M_man-that-is-a-big-one,N 45° 52.193,W 066° 53.478,66,3
GC31Z42,Big Fella,big fella,big-fella,https://www.geocaching.com/geocache/GC31Z42_big-fella,N 45° 52.285,W 066° 53.569,76,4
GC31Z4B,Log This One If You Can,log this one if you can,log-this-one-if-you-can,https://www.geocaching.com/geocache/GC31Z4B_log-this-one-if-you-can,N 45° 52.297,W 066° 53.748,73,3
GC31Z4P,Big Holey Fir,big holey fir,big-holey-fir,https://www.geocaching.com/geocache/GC31Z4P_big-holey-fir,N 45° 52.351,W 066° 53.888,74,3
GC31Z5R,Kelly Creek Trail Micro,kelly creek trail micro,kelly-creek-trail-micro,https://www.geocaching.com/geocache/GC31Z5R_kelly-creek-trail-micro,N 45° 52.458,W 066° 54.097,73,3
GC34309,Pining on the East,pining on the east,pining-on-the-east,https://www.geocaching.com/geocache/GC34309_pining-on-the-east,N 45° 54.761,W 066° 38.353,72,3
GC34G1B,More Pining in the East,more pining in the east,more-pining-in-the-east,https://www.geocaching.com/geocache/GC34G1B_more-pining-in-the-east,N 45° 54.648,W 066° 38.396,66,3
GC353QQ,FGT: Government House,fgt government house,fgt-government-house,https://www.geocaching.com/geocache/GC353QQ_fgt-government-house,N 45° 57.960,W 066° 39.305,453,19
GC353TE,FGT: Old Public Burial Ground,fgt old public burial ground,fgt-old-public-burial-ground,https://www.geocaching.com/geocache/GC353TE_fgt-old-public-burial-ground,N 45° 57.552,W 066° 38.555,631,26
GC353V9,FGT: Odell and the Monkey Trees,fgt odell and the monkey trees,fgt-odell-and-the-monkey-trees,https://www.geocaching.com/geocache/GC353V9_fgt-odell-and-the-monkey-trees,N 45° 57.445,W 066° 39.915,585,24
GC353WB,FGT: Charlotte Street Arts Centre,fgt charlotte street arts centre,fgt-charlotte-street-arts-centre,https://www.geocaching.com/geocache/GC353WB_fgt-charlotte-street-arts-centre,N 45° 57.313,W 066° 38.375,438,18
GC353WZ,FGT: Trail Visitor Centre,fgt trail visitor centre,fgt-trail-visitor-centre,https://www.geocaching.com/geocache/GC353WZ_fgt-trail-visitor-centre,N 45° 57.530,W 066° 37.247,385,16
GC3549T,Welcome to Round Lake,welcome to round lake,welcome-to-round-lake,https://www.geocaching.com/geocache/GC3549T_welcome-to-round-lake,N 45° 17.243,W 066° 14.341,20,1
GC354A3,Highland Road Overpass,highland road overpass,highland-road-overpass,https://www.geocaching.com/geocache/GC354A3_highland-road-overpass,N 45° 18.171,W 066° 13.250,112,5
GC354AF,Magnetic Hill...Really???,magnetic hillreally,magnetic-hillreally,https://www.geocaching.com/geocache/GC354AF_magnetic-hillreally,N 45° 28.027,W 066° 11.279,55,3
GC354AM,Belyea Point Lighthouse,belyea point lighthouse,belyea-point-lighthouse,https://www.geocaching.com/geocache/GC354AM_belyea-point-lighthouse,N 45° 22.691,W 066° 12.961,50,2
GC36B29,Welcome to Compton Lake,welcome to compton lake,welcome-to-compton-lake,https://www.geocaching.com/geocache/GC36B29_welcome-to-compton-lake,N 45° 17.990,W 066° 14.113,43,2
GC36B2H,"Golden Cache, Golden View",golden cache golden view,golden-cache-golden-view,https://www.geocaching.com/geocache/GC36B2H_golden-cache-golden-view,N 45° 18.069,W 066° 13.768,47,2
GC36B2P,Mitchell Road,mitchell road,mitchell-road,https://www.geocaching.com/geocache/GC36B2P_mitchell-road,N 45° 18.135,W 066° 13.603,60,3
GC377FD,There is one here and there,there is one here and there,there-is-one-here-and-there,https://www.geocaching.com/geocache/GC377FD_there-is-one-here-and-there,N 45° 54.526,W 066° 38.448,64,3
GC37A3K,Its all uphill from here,its all uphill from here,its-all-uphill-from-here,https://www.geocaching.com/geocache/GC37A3K_its-all-uphill-from-here,N 47° 01.296,W 065° 32.967,104,5
GC386YP,An Odell pine,an odell pine,an-odell-pine,https://www.geocaching.com/geocache/GC386YP_an-odell-pine,N 45° 57.210,W 066° 40.842,113,5
GC38EK8,The New & the Old,the new & the old,the-new-&-the-old,https://www.geocaching.com/geocache/GC38EK8_the-new-&-the-old,N 46° 49.215,W 067° 44.025,133,6
GC38FVB,#6 Hike on Smith Road,6 hike on smith road,6-hike-on-smith-road,https://www.geocaching.com/geocache/GC38FVB_6-hike-on-smith-road,N 45° 51.612,W 066° 44.696,71,3
GC3927F,A new use for the random box,a new use for the random box,a-new-use-for-the-random-box,https://www.geocaching.com/geocache/GC3927F_a-new-use-for-the-random-box,,,1,1
GC392E1,Reely Tough Cache (DUCK cache #3),reely tough cache (duck cache 3),reely-tough-cache-duck-cache-3,https://www.geocaching.com/geocache/GC392E1_reely-tough-cache-duck-cache-3,N 45° 53.261,W 066° 49.947,53,3
GC394KM,Notable Women of NB - #10 Marie Helene Allain,notable women of nb  10 marie helene allain,notable-women-of-nb-10-marie-helene-allain,https://www.geocaching.com/geocache/GC394KM_notable-women-of-nb-10-marie-helene-allain,N 45° 57.415,W 066° 40.151,373,15
GC3B8F1,A NEW Eye on the Situation,a new eye on the situation,a-new-eye-on-the-situation,https://www.geocaching.com/geocache/GC3B8F1_a-new-eye-on-the-situation,N 45° 58.072,W 066° 42.977,65,3
GC3CX1D,"In case of ""Cache-Mergency"" go here #1","in case of ""cachemergency"" go here 1",in-case-of-cachemergency-go-here-1,https://www.geocaching.com/geocache/GC3CX1D_in-case-of-cachemergency-go-here-1,N 45° 21.377,W 066° 07.463,63,3
GC3CX1W,"In case of ""Cache-Mergency"" go here #2","in case of ""cachemergency"" go here 2",in-case-of-cachemergency-go-here-2,https://www.geocaching.com/geocache/GC3CX1W_in-case-of-cachemergency-go-here-2,N 45° 21.821,W 066° 06.212,54,3
GC3E85N,King of the Quack Travel Bug Hotel,king of the quack travel bug hotel,king-of-the-quack-travel-bug-hotel,https://www.geocaching.com/geocache/GC3E85N_king-of-the-quack-travel-bug-hotel,N 45° 53.538,W 066° 55.561,13,1
GC3NRN8,Step Into The Dead Zone!,step into the dead zone,step-into-the-dead-zone,https://www.geocaching.com/geocache/GC3NRN8_step-into-the-dead-zone,N 45° 50.476,W 067° 01.592,39,2
GC3P6KC,Grand Falls Pallets,grand falls pallets,grand-falls-pallets,https://www.geocaching.com/geocache/GC3P6KC_grand-falls-pallets,N 47° 03.529,W 067° 44.860,81,4
GC3P7Q3,Disney Series #5 - Donald,disney series 5  donald,disney-series-5-donald,https://www.geocaching.com/geocache/GC3P7Q3_disney-series-5-donald,N 45° 44.476,W 066° 56.009,74,3
GC3PF4M,Cambridge Community Cache #1,cambridge community cache 1,cambridge-community-cache-1,https://www.geocaching.com/geocache/GC3PF4M_cambridge-community-cache-1,N 45° 49.774,W 065° 56.785,109,5
GC3PF59,A Cambridge Community Cache,a cambridge community cache,a-cambridge-community-cache,https://www.geocaching.com/geocache/GC3PF59_a-cambridge-community-cache,N 45° 49.804,W 065° 56.927,106,5
GC3PMET,Do you Remember When?,do you remember when,do-you-remember-when,https://www.geocaching.com/geocache/GC3PMET_do-you-remember-when,N 45° 30.637,W 066° 20.695,70,3
GC3PMF3,Take a Stroll Down Memory Lane,take a stroll down memory lane,take-a-stroll-down-memory-lane,https://www.geocaching.com/geocache/GC3PMF3_take-a-stroll-down-memory-lane,N 45° 30.705,W 066° 20.834,60,3
GC3PMFH,Days Gone By,days gone by,days-gone-by,https://www.geocaching.com/geocache/GC3PMFH_days-gone-by,N 45° 30.801,W 066° 20.913,83,4
GC3PY3M,The New Brunswick Geo-Trackables Expo,the new brunswick geotrackables expo,the-new-brunswick-geotrackables-expo,https://www.geocaching.com/geocache/GC3PY3M_the-new-brunswick-geotrackables-expo,N 45° 43.223,W 065° 30.336,33,2
GC3Q20Q,Disney Series #8 - Dale,disney series 8  dale,disney-series-8-dale,https://www.geocaching.com/geocache/GC3Q20Q_disney-series-8-dale,N 45° 39.526,W 067° 07.777,69,3
GC3Q21A,Disney Series #10 - Dewey,disney series 10  dewey,disney-series-10-dewey,https://www.geocaching.com/geocache/GC3Q21A_disney-series-10-dewey,N 45° 40.047,W 067° 05.761,74,3
GC3Q21H,Disney Series #11 - Louie,disney series 11  louie,disney-series-11-louie,https://www.geocaching.com/geocache/GC3Q21H_disney-series-11-louie,N 45° 44.477,W 066° 55.816,73,3
GC3QAPG,Stumped Again,stumped again,stumped-again,https://www.geocaching.com/geocache/GC3QAPG_stumped-again,N 45° 52.168,W 066° 53.834,61,3
GC3QAQ3,Two Stumps,two stumps,two-stumps,https://www.geocaching.com/geocache/GC3QAQ3_two-stumps,N 45° 52.199,W 066° 54.198,60,3
GC3QAQ9,Twin Stumps,twin stumps,twin-stumps,https://www.geocaching.com/geocache/GC3QAQ9_twin-stumps,N 45° 52.109,W 066° 53.704,69,3
GC3QAR2,"""Wanna Be"" Stump","""wanna be"" stump",wanna-be-stump,https://www.geocaching.com/geocache/GC3QAR2_wanna-be-stump,N 45° 51.941,W 066° 53.590,60,3
GC3QB8X,A Silica Mine in New Brunswick - An Earthcache,a silica mine in new brunswick  an earthcache,a-silica-mine-in-new-brunswick-an-earthcache,https://www.geocaching.com/geocache/GC3QB8X_a-silica-mine-in-new-brunswick-an-earthcache,N 45° 36.318,W 065° 32.291,39,2
GC3QZ95,Rink Rat: Willy O'Ree Place,rink rat willy oree place,rink-rat-willy-oree-place,https://www.geocaching.com/geocache/GC3QZ95_rink-rat-willy-oree-place,N 45° 58.770,W 066° 36.980,168,7
GC3RBBK,On the Bridge,on the bridge,on-the-bridge,https://www.geocaching.com/geocache/GC3RBBK_on-the-bridge,N 45° 37.037,W 067° 25.597,16,1
GC3RVCA,NB Country Roads: Church With A View,nb country roads church with a view,nb-country-roads-church-with-a-view,https://www.geocaching.com/geocache/GC3RVCA_nb-country-roads-church-with-a-view,N 45° 50.643,W 067° 02.377,58,3
GC3T3HY,Hood #2,hood 2,hood-2,https://www.geocaching.com/geocache/GC3T3HY_hood-2,N 45° 51.031,W 067° 01.228,29,2
GC3TG33,A Walk In Odell #1,a walk in odell 1,a-walk-in-odell-1,https://www.geocaching.com/geocache/GC3TG33_a-walk-in-odell-1,N 45° 57.465,W 066° 39.738,442,18
GC3TTEP,A Walk In Odell #3,a walk in odell 3,a-walk-in-odell-3,https://www.geocaching.com/geocache/GC3TTEP_a-walk-in-odell-3,N 45° 57.322,W 066° 40.166,322,13
GC3TXVQ,NB Country Roads: St Patrick's Cemetary,nb country roads st patricks cemetary,nb-country-roads-st-patricks-cemetary,https://www.geocaching.com/geocache/GC3TXVQ_nb-country-roads-st-patricks-cemetary,N 45° 48.911,W 066° 54.405,75,3
GC3V8EG,The Subdivision that's Not: New Developer,the subdivision thats not new developer,the-subdivision-thats-not-new-developer,https://www.geocaching.com/geocache/GC3V8EG_the-subdivision-thats-not-new-developer,N 45° 52.834,W 066° 41.115,28,2
GC3W3HC,Where's Waldow?,wheres waldow,wheres-waldow,https://www.geocaching.com/geocache/GC3W3HC_wheres-waldow,N 45° 44.704,W 066° 01.443,41,2
GC3WTEC,Mmmm Chicken!,mmmm chicken,mmmm-chicken,https://www.geocaching.com/geocache/GC3WTEC_mmmm-chicken,N 45° 55.783,W 066° 39.841,435,18
GC3Y6MD,March of NB 104th: Route to Fort Cumberland,march of nb 104th route to fort cumberland,march-of-nb-104th-route-to-fort-cumberland,https://www.geocaching.com/geocache/GC3Y6MD_march-of-nb-104th-route-to-fort-cumberland,N 45° 44.858,W 066° 04.996,124,5
GC3YTEB,"Crumpets, Scones, and Dr. Seuss",crumpets scones and dr seuss,crumpets-scones-and-dr-seuss,https://www.geocaching.com/geocache/GC3YTEB_crumpets-scones-and-dr-seuss,N 45° 57.071,W 066° 41.950,69,3
GC3YVTE,Rink Rat: Harvey Memorial Community Centre,rink rat harvey memorial community centre,rink-rat-harvey-memorial-community-centre,https://www.geocaching.com/geocache/GC3YVTE_rink-rat-harvey-memorial-community-centre,N 45° 44.029,W 067° 00.113,94,4
GC40ZVT,Bethal#1,bethal1,bethal1,https://www.geocaching.com/geocache/GC40ZVT_bethal1,N 45° 57.452,W 066° 41.673,110,5
GC42Z3C,Y Me,y me,y-me,https://www.geocaching.com/geocache/GC42Z3C_y-me,N 45° 19.807,W 066° 12.803,49,2
GC42Z3J,Holy Moley,holy moley,holy-moley,https://www.geocaching.com/geocache/GC42Z3J_holy-moley,N 45° 20.514,W 066° 13.316,98,4
GC42Z3N,Spooky Got Spooked,spooky got spooked,spooky-got-spooked,https://www.geocaching.com/geocache/GC42Z3N_spooky-got-spooked,N 45° 21.062,W 066° 13.894,15,1
GC42Z3T,911,911,911,https://www.geocaching.com/geocache/GC42Z3T_911,N 45° 22.278,W 066° 15.320,55,3
GC42Z3Z,Brookside,brookside,brookside,https://www.geocaching.com/geocache/GC42Z3Z_brookside,N 45° 23.942,W 066° 18.394,49,2
GC42Z47,Who Knew?,who knew,who-knew,https://www.geocaching.com/geocache/GC42Z47_who-knew,N 45° 23.206,W 066° 16.842,32,2
GC431WT,Cross Roads #1,cross roads 1,cross-roads-1,https://www.geocaching.com/geocache/GC431WT_cross-roads-1,N 46° 02.745,W 065° 49.093,27,2
GC436JK,Dave's Delight,daves delight,daves-delight,https://www.geocaching.com/geocache/GC436JK_daves-delight,N 45° 45.892,W 066° 54.416,78,4
GC43AJ9,Marshall #1,marshall 1,marshall-1,https://www.geocaching.com/geocache/GC43AJ9_marshall-1,N 46° 03.280,W 065° 50.573,25,1
GC43B6T,Marshall #2,marshall 2,marshall-2,https://www.geocaching.com/geocache/GC43B6T_marshall-2,N 46° 03.388,W 065° 50.630,25,1
GC43BFV,Cross Roads #3,cross roads 3,cross-roads-3,https://www.geocaching.com/geocache/GC43BFV_cross-roads-3,N 46° 03.032,W 065° 49.297,28,2
GC43BGD,Cross Roads #2,cross roads 2,cross-roads-2,https://www.geocaching.com/geocache/GC43BGD_cross-roads-2,N 46° 02.828,W 065° 49.185,28,2
GC43GG0,Sesame Street #2,sesame street 2,sesame-street-2,https://www.geocaching.com/geocache/GC43GG0_sesame-street-2,N 45° 59.256,W 066° 36.492,63,3
GC44ME8,Mmmm Ribs!,mmmm ribs,mmmm-ribs,https://www.geocaching.com/geocache/GC44ME8_mmmm-ribs,N 45° 55.875,W 066° 39.745,410,17
GC451MF,Nashwaak Island,nashwaak island,nashwaak-island,https://www.geocaching.com/geocache/GC451MF_nashwaak-island,N 45° 57.339,W 066° 37.343,13,1
GC46T44,Wellness #3,wellness 3,wellness-3,https://www.geocaching.com/geocache/GC46T44_wellness-3,N 46° 43.590,W 067° 42.340,0,0
GC479V1,E= EXHAUSTED,e exhausted,e-exhausted,https://www.geocaching.com/geocache/GC479V1_e-exhausted,N 45° 43.463,W 065° 31.776,216,9
GC47CZF,PNG on the 101,png on the 101,png-on-the-101,https://www.geocaching.com/geocache/GC47CZF_png-on-the-101,N 45° 50.394,W 066° 40.802,60,3
GC47F4Q,"Can you See Me Now, Welsford?",can you see me now welsford,can-you-see-me-now-welsford,https://www.geocaching.com/geocache/GC47F4Q_can-you-see-me-now-welsford,N 45° 26.531,W 066° 19.794,70,3
GC47XAD,RVing...WITHOUT the Wheels,rvingwithout the wheels,rvingwithout-the-wheels,https://www.geocaching.com/geocache/GC47XAD_rvingwithout-the-wheels,N 45° 58.058,W 066° 43.947,142,6
GC489Y0,Meet the Robertsons - Phil,meet the robertsons  phil,meet-the-robertsons-phil,https://www.geocaching.com/geocache/GC489Y0_meet-the-robertsons-phil,N 45° 58.705,W 066° 36.492,32,2
GC489ZC,Meet the Robertsons - Jase,meet the robertsons  jase,meet-the-robertsons-jase,https://www.geocaching.com/geocache/GC489ZC_meet-the-robertsons-jase,N 45° 58.792,W 066° 36.429,34,2
GC48MHY,"Fire road, the ""New"" bridge.","fire road the ""new"" bridge",fire-road-the-new-bridge,https://www.geocaching.com/geocache/GC48MHY_fire-road-the-new-bridge,N 45° 59.952,W 065° 31.945,10,1
GC48NWY,Let's Make A Deal,lets make a deal,lets-make-a-deal,https://www.geocaching.com/geocache/GC48NWY_lets-make-a-deal,N 45° 57.106,W 066° 41.642,42,2
GC48Y6T,Spooky Spikes,spooky spikes,spooky-spikes,https://www.geocaching.com/geocache/GC48Y6T_spooky-spikes,N 45° 59.239,W 066° 39.066,1,1
GC49BNW,"Can you See Me Now, Rothesay?",can you see me now rothesay,can-you-see-me-now-rothesay,https://www.geocaching.com/geocache/GC49BNW_can-you-see-me-now-rothesay,N 45° 22.691,W 065° 58.745,50,2
GC49NFF,Big Red,big red,big-red,https://www.geocaching.com/geocache/GC49NFF_big-red,N 46° 00.111,W 065° 18.742,49,2
GC4B0GB,I Hear Music- Brand New Key,i hear music brand new key,i-hear-music-brand-new-key,https://www.geocaching.com/geocache/GC4B0GB_i-hear-music-brand-new-key,N 45° 51.646,W 065° 15.810,34,2
GC4B89B,Doctor Who #11 - Matt Smith,doctor who 11  matt smith,doctor-who-11-matt-smith,https://www.geocaching.com/geocache/GC4B89B_doctor-who-11-matt-smith,N 45° 46.408,W 066° 54.001,75,3
GC4BBKK,Rothesay Train Station,rothesay train station,rothesay-train-station,https://www.geocaching.com/geocache/GC4BBKK_rothesay-train-station,N 45° 23.243,W 065° 59.939,95,4
GC4BRCA,Trout River Treasure,trout river treasure,trout-river-treasure,https://www.geocaching.com/geocache/GC4BRCA_trout-river-treasure,N 46° 41.650,W 065° 33.460,1,1
GC4BTE6,Doctor Who #8 - Paul McGann,doctor who 8  paul mcgann,doctor-who-8-paul-mcgann,https://www.geocaching.com/geocache/GC4BTE6_doctor-who-8-paul-mcgann,N 45° 46.986,W 066° 52.554,74,3
GC4BTEF,Doctor Who #6 - Colin Baker,doctor who 6  colin baker,doctor-who-6-colin-baker,https://www.geocaching.com/geocache/GC4BTEF_doctor-who-6-colin-baker,N 45° 40.816,W 067° 03.174,56,3
GC4BW2Y,Little Legionnaire,little legionnaire,little-legionnaire,https://www.geocaching.com/geocache/GC4BW2Y_little-legionnaire,N 45° 18.579,W 066° 11.780,57,3
GC4C1K1,Bear-In-The-Woods TB B&B,bearinthewoods tb b&b,bearinthewoods-tb-b&b,https://www.geocaching.com/geocache/GC4C1K1_bearinthewoods-tb-b&b,N 45° 58.089,W 066° 47.067,90,4
GC4C6Y5,Cache in a Creel,cache in a creel,cache-in-a-creel,https://www.geocaching.com/geocache/GC4C6Y5_cache-in-a-creel,N 45° 58.038,W 066° 34.751,54,3
GC4DJRN,Goodwin Lake Trip!,goodwin lake trip,goodwin-lake-trip,https://www.geocaching.com/geocache/GC4DJRN_goodwin-lake-trip,,,1,1
GC4EY18,Mega Headache Series #21,mega headache series 21,mega-headache-series-21,https://www.geocaching.com/geocache/GC4EY18_mega-headache-series-21,N 45° 56.508,W 066° 41.410,128,6
GC4EY1B,Mega Headache Series #22,mega headache series 22,mega-headache-series-22,https://www.geocaching.com/geocache/GC4EY1B_mega-headache-series-22,N 45° 56.714,W 066° 41.669,130,6
GC4FJM1,Memorial Cache,memorial cache,memorial-cache,https://www.geocaching.com/geocache/GC4FJM1_memorial-cache,N 46° 27.632,W 066° 24.615,77,4
GC4FT8W,Road to the Mega Woodstock East #3,road to the mega woodstock east 3,road-to-the-mega-woodstock-east-3,https://www.geocaching.com/geocache/GC4FT8W_road-to-the-mega-woodstock-east-3,N 45° 52.413,W 066° 59.213,205,9
GC4G1V4,Abandoned Road,abandoned road,abandoned-road,https://www.geocaching.com/geocache/GC4G1V4_abandoned-road,N 45° 36.125,W 067° 26.125,11,1
GC4GGRA,Caching in New Maryland,caching in new maryland,caching-in-new-maryland,https://www.geocaching.com/geocache/GC4GGRA_caching-in-new-maryland,N 45° 54.847,W 066° 41.928,16,1
GC4GK27,Pond d'la Bennette,pond dla bennette,pond-dla-bennette,https://www.geocaching.com/geocache/GC4GK27_pond-dla-bennette,N 47° 03.859,W 067° 43.414,15,1
GC4GY6V,MICROWAVE SURFER,microwave surfer,microwave-surfer,https://www.geocaching.com/geocache/GC4GY6V_microwave-surfer,N 47° 02.637,W 067° 44.109,47,2
GC4H6XX,Share the Road,share the road,share-the-road,https://www.geocaching.com/geocache/GC4H6XX_share-the-road,N 45° 59.670,W 066° 39.109,97,4
GC4HPBV,Ribbit Ribbit,ribbit ribbit,ribbit-ribbit,https://www.geocaching.com/geocache/GC4HPBV_ribbit-ribbit,N 45° 58.474,W 066° 39.273,81,4
GC4J85N,Obama's Gazebo,obamas gazebo,obamas-gazebo,https://www.geocaching.com/geocache/GC4J85N_obamas-gazebo,N 47° 04.283,W 066° 17.628,0,0
GC4JAFA,Our New House,our new house,our-new-house,https://www.geocaching.com/geocache/GC4JAFA_our-new-house,N 45° 50.763,W 066° 43.974,48,2
GC4K5KB,Yet Another Corner Post,yet another corner post,yet-another-corner-post,https://www.geocaching.com/geocache/GC4K5KB_yet-another-corner-post,N 45° 54.835,W 066° 36.312,43,2
GC4KQRD,Pondstream Hidden Treasure #1,pondstream hidden treasure 1,pondstream-hidden-treasure-1,https://www.geocaching.com/geocache/GC4KQRD_pondstream-hidden-treasure-1,N 45° 56.795,W 066° 06.492,26,2
GC4KQRZ,Pondstream Hidden Treasure #2,pondstream hidden treasure 2,pondstream-hidden-treasure-2,https://www.geocaching.com/geocache/GC4KQRZ_pondstream-hidden-treasure-2,N 45° 56.919,W 066° 06.423,17,1
GC4N2NG,A Beautiful Resting Place...,a beautiful resting place,a-beautiful-resting-place,https://www.geocaching.com/geocache/GC4N2NG_a-beautiful-resting-place,N 45° 55.209,W 067° 04.417,38,2
GC4N2PN,Welcome to Nackawic,welcome to nackawic,welcome-to-nackawic,https://www.geocaching.com/geocache/GC4N2PN_welcome-to-nackawic,N 45° 56.811,W 067° 14.134,33,2
GC4N3X9,Not Another Nano!,not another nano,not-another-nano,https://www.geocaching.com/geocache/GC4N3X9_not-another-nano,N 45° 58.318,W 066° 38.089,72,3
GC4P326,The great wall of New Denmark,the great wall of new denmark,the-great-wall-of-new-denmark,https://www.geocaching.com/geocache/GC4P326_the-great-wall-of-new-denmark,N 46° 56.067,W 067° 39.306,9,1
GC4PC40,Fox On The Run,fox on the run,fox-on-the-run,https://www.geocaching.com/geocache/GC4PC40_fox-on-the-run,N 45° 47.488,W 066° 01.164,37,2
GC4PC4K,Church Lane Cache,church lane cache,church-lane-cache,https://www.geocaching.com/geocache/GC4PC4K_church-lane-cache,N 45° 47.347,W 065° 59.494,43,2
GC4PC4W,Take It To The Limit,take it to the limit,take-it-to-the-limit,https://www.geocaching.com/geocache/GC4PC4W_take-it-to-the-limit,N 45° 50.808,W 066° 02.179,52,3
GC4QV7P,Open Me... If You Dare!,open me if you dare,open-me-if-you-dare,https://www.geocaching.com/geocache/GC4QV7P_open-me-if-you-dare,N 45° 59.437,W 066° 38.340,48,2
GC4RB3M,"Can you see me now, Blackville?",can you see me now blackville,can-you-see-me-now-blackville,https://www.geocaching.com/geocache/GC4RB3M_can-you-see-me-now-blackville,N 46° 42.540,W 065° 50.216,45,2
GC4RB3T,"Can you see me now, Lavillette?",can you see me now lavillette,can-you-see-me-now-lavillette,https://www.geocaching.com/geocache/GC4RB3T_can-you-see-me-now-lavillette,N 47° 14.818,W 065° 23.936,57,3
GC4RRN8,Thinking Inside the Box,thinking inside the box,thinking-inside-the-box,https://www.geocaching.com/geocache/GC4RRN8_thinking-inside-the-box,N 45° 57.352,W 066° 42.131,40,2
GC4TT86,Wollastook Covered Bridge,wollastook covered bridge,wollastook-covered-bridge,https://www.geocaching.com/geocache/GC4TT86_wollastook-covered-bridge,N 45° 52.182,W 066° 54.737,55,3
GC4V32Q,"Ringing in the new year, geocaching style",ringing in the new year geocaching style,ringing-in-the-new-year-geocaching-style,https://www.geocaching.com/geocache/GC4V32Q_ringing-in-the-new-year-geocaching-style,N 45° 53.560,W 066° 41.306,14,1
GC4V6ZM,KIDS LOVE: TO BUILD FORTS,kids love to build forts,kids-love-to-build-forts,https://www.geocaching.com/geocache/GC4V6ZM_kids-love-to-build-forts,N 45° 56.931,W 066° 08.110,30,2
GC4V9NV,KIDS LOVE - MUSIC,kids love  music,kids-love-music,https://www.geocaching.com/geocache/GC4V9NV_kids-love-music,N 45° 57.372,W 066° 08.292,27,2
GC4VB74,"I ""Kid"" you not - Bishop Drive # 1","i ""kid"" you not  bishop drive  1",i-kid-you-not-bishop-drive-1,https://www.geocaching.com/geocache/GC4VB74_i-kid-you-not-bishop-drive-1,N 45° 56.296,W 066° 40.282,99,4
GC4VB75,"I ""Kid"" you not - Bishop Drive # 2","i ""kid"" you not  bishop drive  2",i-kid-you-not-bishop-drive-2,https://www.geocaching.com/geocache/GC4VB75_i-kid-you-not-bishop-drive-2,N 45° 56.318,W 066° 40.139,97,4
GC4WG7P,Go Fish!,go fish,go-fish,https://www.geocaching.com/geocache/GC4WG7P_go-fish,N 45° 54.769,W 066° 41.117,35,2
GC4WGDC,Hummmmmmm....,hummmmmmm,hummmmmmm,https://www.geocaching.com/geocache/GC4WGDC_hummmmmmm,N 45° 56.724,W 066° 42.030,61,3
GC4WKC3,"I ""Kid"" You Not - UNB Woodlot (East)","i ""kid"" you not  unb woodlot (east)",i-kid-you-not-unb-woodlot-east,https://www.geocaching.com/geocache/GC4WKC3_i-kid-you-not-unb-woodlot-east,N 45° 54.934,W 066° 38.510,56,3
GC4X043,Chalet in the Woods,chalet in the woods,chalet-in-the-woods,https://www.geocaching.com/geocache/GC4X043_chalet-in-the-woods,N 45° 22.975,W 065° 58.621,115,5
GC4X4YA,Berenstain Bears: Visit the Dentist,berenstain bears visit the dentist,berenstain-bears-visit-the-dentist,https://www.geocaching.com/geocache/GC4X4YA_berenstain-bears-visit-the-dentist,N 45° 52.810,W 066° 47.998,110,5
GC4X4YH,Berenstain Bears: The Bad Habit,berenstain bears the bad habit,berenstain-bears-the-bad-habit,https://www.geocaching.com/geocache/GC4X4YH_berenstain-bears-the-bad-habit,N 45° 52.689,W 066° 47.726,98,4
GC4X68V,Berenstain Bears: Treat Others Kindly,berenstain bears treat others kindly,berenstain-bears-treat-others-kindly,https://www.geocaching.com/geocache/GC4X68V_berenstain-bears-treat-others-kindly,N 45° 51.273,W 066° 48.065,79,4
GC4X69A,Berenstain Bears: We Love Our Mom,berenstain bears we love our mom,berenstain-bears-we-love-our-mom,https://www.geocaching.com/geocache/GC4X69A_berenstain-bears-we-love-our-mom,N 45° 51.109,W 066° 48.364,75,3
GC4XBQW,Qu1ck One for Geodimeter,qu1ck one for geodimeter,qu1ck-one-for-geodimeter,https://www.geocaching.com/geocache/GC4XBQW_qu1ck-one-for-geodimeter,,,1,1
GC4ZRKG,Riding the rails,riding the rails,riding-the-rails,https://www.geocaching.com/geocache/GC4ZRKG_riding-the-rails,N 45° 57.483,W 066° 37.417,62,3
GC50XV3,The Replacement,the replacement,the-replacement,https://www.geocaching.com/geocache/GC50XV3_the-replacement,N 45° 19.512,W 066° 11.958,78,4
GC50XWW,Nerepis,nerepis,nerepis,https://www.geocaching.com/geocache/GC50XWW_nerepis,N 45° 23.781,W 066° 17.625,55,3
GC50XXP,Geocaching Blvd.,geocaching blvd,geocaching-blvd,https://www.geocaching.com/geocache/GC50XXP_geocaching-blvd,N 45° 24.178,W 066° 18.430,47,2
GC52PFM,CIRCLE SQUARE / CERCLE CARRÉ,circle square  cercle carré,circle-square-cercle-carré,https://www.geocaching.com/geocache/GC52PFM_circle-square-cercle-carré,N 47° 00.936,W 067° 45.352,56,3
GC537FB,Substation,substation,substation,https://www.geocaching.com/geocache/GC537FB_substation,N 45° 55.592,W 065° 47.608,42,2
GC5381A,Welcome to McAdam,welcome to mcadam,welcome-to-mcadam,https://www.geocaching.com/geocache/GC5381A_welcome-to-mcadam,N 45° 35.037,W 067° 20.039,54,3
GC556V7,Old Mitchell Cemetary,old mitchell cemetary,old-mitchell-cemetary,https://www.geocaching.com/geocache/GC556V7_old-mitchell-cemetary,N 46° 34.133,W 066° 05.844,36,2
GC578AR,Sentiers NB Trails - Miramichi,sentiers nb trails  miramichi,sentiers-nb-trails-miramichi,https://www.geocaching.com/geocache/GC578AR_sentiers-nb-trails-miramichi,N 47° 01.133,W 065° 33.129,89,4
GC578C3,Sentiers NB Trails - Grand Falls,sentiers nb trails  grand falls,sentiers-nb-trails-grand-falls,https://www.geocaching.com/geocache/GC578C3_sentiers-nb-trails-grand-falls,N 47° 02.951,W 067° 45.090,59,3
GC57GNR,Nursery Graveyard,nursery graveyard,nursery-graveyard,https://www.geocaching.com/geocache/GC57GNR_nursery-graveyard,N 47° 01.024,W 065° 35.290,21,1
GC57P75,Let's go shopping!,lets go shopping,lets-go-shopping,https://www.geocaching.com/geocache/GC57P75_lets-go-shopping,N 47° 03.573,W 067° 45.167,37,2
GC57P91,"""Kent"" you find it?","""kent"" you find it",kent-you-find-it,https://www.geocaching.com/geocache/GC57P91_kent-you-find-it,N 47° 03.533,W 067° 45.038,95,4
GC57QQ0,FGT: York Street Rail Station,fgt york street rail station,fgt-york-street-rail-station,https://www.geocaching.com/geocache/GC57QQ0_fgt-york-street-rail-station,N 45° 57.355,W 066° 38.914,240,10
GC58011,Tubular Cache,tubular cache,tubular-cache,https://www.geocaching.com/geocache/GC58011_tubular-cache,N 47° 03.056,W 067° 45.697,20,1
GC5844M,Rockkin Reddin 2,rockkin reddin 2,rockkin-reddin-2,https://www.geocaching.com/geocache/GC5844M_rockkin-reddin-2,N 45° 36.013,W 065° 51.008,0,0
GC58E3C,Bookmobile  Did you see it?,bookmobile  did you see it,bookmobile--did-you-see-it,https://www.geocaching.com/geocache/GC58E3C_bookmobile--did-you-see-it,N 45° 56.656,W 066° 41.516,137,6
GC593H9,Challenge - 360 degrees of New Brunswick,challenge  360 degrees of new brunswick,challenge-360-degrees-of-new-brunswick,https://www.geocaching.com/geocache/GC593H9_challenge-360-degrees-of-new-brunswick,N 45° 53.654,W 066° 36.302,15,1
GC59VDG,Just For Laughs,just for laughs,just-for-laughs,https://www.geocaching.com/geocache/GC59VDG_just-for-laughs,N 45° 58.070,W 066° 42.978,87,4
GC5A9BZ,KVFalcon's cache #3,kvfalcons cache 3,kvfalcons-cache-3,https://www.geocaching.com/geocache/GC5A9BZ_kvfalcons-cache-3,N 45° 22.632,W 065° 59.914,52,3
GC5BPNM,Walk the Land Plank,walk the land plank,walk-the-land-plank,https://www.geocaching.com/geocache/GC5BPNM_walk-the-land-plank,N 45° 58.445,W 066° 53.336,90,4
GC5C15P,"Welcome to Sussex- Balloons, Bridges, Beauty",welcome to sussex balloons bridges beauty,welcome-to-sussex-balloons-bridges-beauty,https://www.geocaching.com/geocache/GC5C15P_welcome-to-sussex-balloons-bridges-beauty,N 45° 43.394,W 065° 31.654,143,6
GC5CN5H,"NBGWGP: Dispatches: William Henry Metcalf, VC",nbgwgp dispatches william henry metcalf vc,nbgwgp-dispatches-william-henry-metcalf-vc,https://www.geocaching.com/geocache/GC5CN5H_nbgwgp-dispatches-william-henry-metcalf-vc,N 45° 56.914,W 066° 41.380,112,5
GC5CN69,NBGWGP: Dispatches: Midshipman Victor Hatheway,nbgwgp dispatches midshipman victor hatheway,nbgwgp-dispatches-midshipman-victor-hatheway,https://www.geocaching.com/geocache/GC5CN69_nbgwgp-dispatches-midshipman-victor-hatheway,N 45° 57.475,W 066° 43.614,111,5
GC5CNWJ,NBGWGP: Home Front: Hartt Boot & Shoe Factory,nbgwgp home front hartt boot & shoe factory,nbgwgp-home-front-hartt-boot-&-shoe-factory,https://www.geocaching.com/geocache/GC5CNWJ_nbgwgp-home-front-hartt-boot-&-shoe-factory,N 45° 57.423,W 066° 39.030,235,10
GC5CQ4P,After the Sun Goes Down,after the sun goes down,after-the-sun-goes-down,https://www.geocaching.com/geocache/GC5CQ4P_after-the-sun-goes-down,N 45° 18.221,W 066° 13.482,20,1
GC5E5WJ,New Road- Cornridge Road,new road cornridge road,new-road-cornridge-road,https://www.geocaching.com/geocache/GC5E5WJ_new-road-cornridge-road,N 45° 57.353,W 065° 18.906,69,3
GC5F6CD,Just hangin' around,just hangin around,just-hangin-around,https://www.geocaching.com/geocache/GC5F6CD_just-hangin-around,N 47° 02.850,W 065° 25.267,0,0
GC5FJ18,Alex' 1st cache!,alex 1st cache,alex-1st-cache,https://www.geocaching.com/geocache/GC5FJ18_alex-1st-cache,N 45° 58.847,W 066° 38.385,35,2
GC5GCER,Beach Trail,beach trail,beach-trail,https://www.geocaching.com/geocache/GC5GCER_beach-trail,N 46° 01.042,W 066° 37.580,101,5
GC5GNCA,How much wood........?,how much wood,how-much-wood,https://www.geocaching.com/geocache/GC5GNCA_how-much-wood,N 45° 57.449,W 066° 42.154,33,2
GC5H868,"Up, Up We Go",up up we go,up-up-we-go,https://www.geocaching.com/geocache/GC5H868_up-up-we-go,N 45° 52.219,W 066° 51.768,31,2
GC5H9TH,A room with a view - Northside,a room with a view  northside,a-room-with-a-view-northside,https://www.geocaching.com/geocache/GC5H9TH_a-room-with-a-view-northside,,,1,1
GC5HHQ2,Woo-WHO!,woowho,woowho,https://www.geocaching.com/geocache/GC5HHQ2_woowho,N 45° 58.657,W 066° 40.034,43,2
GC5HVW9,Royal road exit,royal road exit,royal-road-exit,https://www.geocaching.com/geocache/GC5HVW9_royal-road-exit,N 45° 59.416,W 066° 39.814,34,2
GC5HY03,Ringing in the new year,ringing in the new year,ringing-in-the-new-year,https://www.geocaching.com/geocache/GC5HY03_ringing-in-the-new-year,N 45° 53.560,W 066° 41.306,7,1
GC5J6EN,How many parks?,how many parks,how-many-parks,https://www.geocaching.com/geocache/GC5J6EN_how-many-parks,N 45° 58.578,W 066° 39.950,22,1
GC5JHDJ,Tree Cemetery,tree cemetery,tree-cemetery,https://www.geocaching.com/geocache/GC5JHDJ_tree-cemetery,N 45° 59.691,W 066° 39.924,15,1
GC5JTKY,Ruby Red,ruby red,ruby-red,https://www.geocaching.com/geocache/GC5JTKY_ruby-red,N 45° 58.707,W 066° 42.052,77,4
GC5KJEP,Be prepared ...,be prepared ,be-prepared-,https://www.geocaching.com/geocache/GC5KJEP_be-prepared-,N 45° 54.538,W 066° 44.770,58,3
GC5KMMV,Radioactive Pine Cone,radioactive pine cone,radioactive-pine-cone,https://www.geocaching.com/geocache/GC5KMMV_radioactive-pine-cone,N 45° 57.748,W 066° 52.046,51,3
GC5MTZR,See any Fawns? #1,see any fawns 1,see-any-fawns-1,https://www.geocaching.com/geocache/GC5MTZR_see-any-fawns-1,N 45° 56.709,W 066° 45.649,44,2
GC5MVJE,Sugar Bush Trail #4,sugar bush trail 4,sugar-bush-trail-4,https://www.geocaching.com/geocache/GC5MVJE_sugar-bush-trail-4,N 45° 58.163,W 066° 54.332,35,2
GC5MWY0,New Road ?,new road ,new-road-,https://www.geocaching.com/geocache/GC5MWY0_new-road-,N 45° 59.963,W 066° 39.692,14,1
GC5N072,New Maryland Streaker series #1,new maryland streaker series 1,new-maryland-streaker-series-1,https://www.geocaching.com/geocache/GC5N072_new-maryland-streaker-series-1,N 45° 53.486,W 066° 41.207,59,3
GC5N07X,New Maryland Streaker series #2,new maryland streaker series 2,new-maryland-streaker-series-2,https://www.geocaching.com/geocache/GC5N07X_new-maryland-streaker-series-2,N 45° 53.343,W 066° 41.158,73,3
GC5N392,Key Not Required,key not required,key-not-required,https://www.geocaching.com/geocache/GC5N392_key-not-required,N 45° 54.311,W 066° 45.452,67,3
GC5N5VJ,Caching around the Northside # 1,caching around the northside  1,caching-around-the-northside-1,https://www.geocaching.com/geocache/GC5N5VJ_caching-around-the-northside-1,N 45° 58.960,W 066° 36.823,65,3
GC5N5VW,Caching around the Northside # 2 (Wal-Mart),caching around the northside  2 (walmart),caching-around-the-northside-2-walmart,https://www.geocaching.com/geocache/GC5N5VW_caching-around-the-northside-2-walmart,N 45° 59.353,W 066° 37.498,97,4
GC5N5ZD,See any Fawns (or maybe Moose)? #3,see any fawns (or maybe moose) 3,see-any-fawns-or-maybe-moose-3,https://www.geocaching.com/geocache/GC5N5ZD_see-any-fawns-or-maybe-moose-3,N 45° 56.531,W 066° 46.065,38,2
GC5N61J,"""BIG SURPRISE""","""big surprise""",big-surprise,https://www.geocaching.com/geocache/GC5N61J_big-surprise,N 45° 57.262,W 066° 42.381,28,2
GC5N7ZR,Caching around the Northside # 4,caching around the northside  4,caching-around-the-northside-4,https://www.geocaching.com/geocache/GC5N7ZR_caching-around-the-northside-4,N 45° 59.945,W 066° 37.885,51,3
GC5N80G,Chillin' with Mya,chillin with mya,chillin-with-mya,https://www.geocaching.com/geocache/GC5N80G_chillin-with-mya,N 45° 59.854,W 066° 38.964,27,2
GC5NNBQ,Caching around the Northside # 6,caching around the northside  6,caching-around-the-northside-6,https://www.geocaching.com/geocache/GC5NNBQ_caching-around-the-northside-6,N 45° 59.082,W 066° 37.308,64,3
GC5P23Z,Run away dog,run away dog,run-away-dog,https://www.geocaching.com/geocache/GC5P23Z_run-away-dog,N 45° 59.481,W 066° 38.768,22,1
GC5P6MH,Caching around the Northside # 7,caching around the northside  7,caching-around-the-northside-7,https://www.geocaching.com/geocache/GC5P6MH_caching-around-the-northside-7,N 45° 58.635,W 066° 38.380,36,2
GC5PHND,463 Centimeters,463 centimeters,463-centimeters,https://www.geocaching.com/geocache/GC5PHND_463-centimeters,N 45° 59.057,W 066° 40.210,22,1
GC5PRBX,Spring,spring,spring,https://www.geocaching.com/geocache/GC5PRBX_spring,N 45° 58.590,W 066° 38.790,42,2
GC5PZ8R,See any Fawns? #2,see any fawns 2,see-any-fawns-2,https://www.geocaching.com/geocache/GC5PZ8R_see-any-fawns-2,N 45° 56.666,W 066° 46.086,40,2
GC5T8G2,TNT....Dynamite!,tntdynamite,tntdynamite,https://www.geocaching.com/geocache/GC5T8G2_tntdynamite,N 45° 58.807,W 066° 50.329,44,2
GC5TH6F,WELCOME TO THE 'CHI,welcome to the chi,welcome-to-the-chi,https://www.geocaching.com/geocache/GC5TH6F_welcome-to-the-chi,N 47° 01.236,W 065° 26.775,91,4
GC5TTTE,Will You Marry Me?,will you marry me,will-you-marry-me,https://www.geocaching.com/geocache/GC5TTTE_will-you-marry-me,N 45° 57.419,W 066° 37.775,78,4
GC5TW26,2nd Hanwell Cub Scouts - Blue Six,2nd hanwell cub scouts  blue six,2nd-hanwell-cub-scouts-blue-six,https://www.geocaching.com/geocache/GC5TW26_2nd-hanwell-cub-scouts-blue-six,N 45° 54.437,W 066° 44.802,30,2
GC5TW2K,2nd Hanwell Cub Scouts - Green Six,2nd hanwell cub scouts  green six,2nd-hanwell-cub-scouts-green-six,https://www.geocaching.com/geocache/GC5TW2K_2nd-hanwell-cub-scouts-green-six,N 45° 54.347,W 066° 44.803,27,2
GC5TW2P,2nd Hanwell Cub Scouts - Grey Six,2nd hanwell cub scouts  grey six,2nd-hanwell-cub-scouts-grey-six,https://www.geocaching.com/geocache/GC5TW2P_2nd-hanwell-cub-scouts-grey-six,N 45° 54.227,W 066° 44.817,26,2
GC5VR85,Who Remembers the old Covered Bridge?,who remembers the old covered bridge,who-remembers-the-old-covered-bridge,https://www.geocaching.com/geocache/GC5VR85_who-remembers-the-old-covered-bridge,N 45° 26.668,W 066° 19.810,47,2
GC5VRBH,Never Forget the Fallen,never forget the fallen,never-forget-the-fallen,https://www.geocaching.com/geocache/GC5VRBH_never-forget-the-fallen,N 45° 27.375,W 066° 20.511,45,2
GC5W5A9,1st New Maryland Beavers,1st new maryland beavers,1st-new-maryland-beavers,https://www.geocaching.com/geocache/GC5W5A9_1st-new-maryland-beavers,N 45° 53.939,W 066° 40.911,34,2
GC5XJ5D,Figure Me Out #9,figure me out 9,figure-me-out-9,https://www.geocaching.com/geocache/GC5XJ5D_figure-me-out-9,N 45° 48.798,W 066° 10.954,20,1
GC5Z852,End of the Parkway,end of the parkway,end-of-the-parkway,https://www.geocaching.com/geocache/GC5Z852_end-of-the-parkway,N 45° 59.456,W 066° 40.177,46,2
GC5Z85H,Cook's Landing ?,cooks landing ,cooks-landing-,https://www.geocaching.com/geocache/GC5Z85H_cooks-landing-,N 45° 58.947,W 066° 37.081,29,2
GC5ZJ96,LOOKING GOOD!,looking good,looking-good,https://www.geocaching.com/geocache/GC5ZJ96_looking-good,N 45° 57.112,W 066° 41.517,32,2
GC600WZ,A Cache for Carl,a cache for carl,a-cache-for-carl,https://www.geocaching.com/geocache/GC600WZ_a-cache-for-carl,N 45° 55.758,W 066° 07.133,28,2
GC603TF,Sleepy Hollow,sleepy hollow,sleepy-hollow,https://www.geocaching.com/geocache/GC603TF_sleepy-hollow,N 45° 51.777,W 066° 53.567,24,1
GC60ZFA,Broadway...uh...view?,broadwayuhview,broadwayuhview,https://www.geocaching.com/geocache/GC60ZFA_broadwayuhview,N 45° 58.660,W 066° 40.183,19,1
GC61098,Crystal Cave TB Hotel,crystal cave tb hotel,crystal-cave-tb-hotel,https://www.geocaching.com/geocache/GC61098_crystal-cave-tb-hotel,N 46° 00.367,W 066° 45.774,18,1
GC61QMR,Geocaching Addicition,geocaching addicition,geocaching-addicition,https://www.geocaching.com/geocache/GC61QMR_geocaching-addicition,N 45° 58.970,W 066° 45.642,9,1
GC61WVT,Islands of Adventure,islands of adventure,islands-of-adventure,https://www.geocaching.com/geocache/GC61WVT_islands-of-adventure,N 45° 37.556,W 067° 00.165,8,1
GC62F0M,Kool Skool,kool skool,kool-skool,https://www.geocaching.com/geocache/GC62F0M_kool-skool,,,1,1
GC62YNM,Cooped up.,cooped up,cooped-up,https://www.geocaching.com/geocache/GC62YNM_cooped-up,N 45° 58.557,W 066° 39.568,5,1
GC62ZER,King's Head Inn,kings head inn,kings-head-inn,https://www.geocaching.com/geocache/GC62ZER_kings-head-inn,N 45° 52.567,W 066° 58.321,99,4
GC62ZJ4,Grant Store,grant store,grant-store,https://www.geocaching.com/geocache/GC62ZJ4_grant-store,N 45° 52.621,W 066° 58.164,119,5
GC63G9N,HanwellBell BH-03,hanwellbell bh03,hanwellbell-bh03,https://www.geocaching.com/geocache/GC63G9N_hanwellbell-bh03,N 45° 53.747,W 066° 45.910,25,1
GC64AAH,Carving Out a Cache,carving out a cache,carving-out-a-cache,https://www.geocaching.com/geocache/GC64AAH_carving-out-a-cache,N 45° 19.947,W 066° 12.851,31,2
GC66HB8,A trail! We have a new Trail!,a trail we have a new trail,a-trail-we-have-a-new-trail,https://www.geocaching.com/geocache/GC66HB8_a-trail-we-have-a-new-trail,N 45° 23.134,W 065° 58.054,29,2
GC67947,VOODOO,voodoo,voodoo,https://www.geocaching.com/geocache/GC67947_voodoo,N 47° 01.024,W 065° 26.661,62,3
GC67JR4,A Christmas Cache,a christmas cache,a-christmas-cache,https://www.geocaching.com/geocache/GC67JR4_a-christmas-cache,N 45° 22.870,W 065° 55.763,22,1
GC67NN6,Ringing in the new year...again!,ringing in the new yearagain,ringing-in-the-new-yearagain,https://www.geocaching.com/geocache/GC67NN6_ringing-in-the-new-yearagain,N 45° 53.560,W 066° 41.306,6,1
GC67NY1,Fredericton Rural Extension Cemetary,fredericton rural extension cemetary,fredericton-rural-extension-cemetary,https://www.geocaching.com/geocache/GC67NY1_fredericton-rural-extension-cemetary,N 45° 57.840,W 066° 40.478,84,4
GC67T3E,Winter Blues?,winter blues,winter-blues,https://www.geocaching.com/geocache/GC67T3E_winter-blues,N 45° 57.638,W 066° 42.095,28,2
GC67ZEM,Back at the rink (Willie O'Ree),back at the rink (willie oree),back-at-the-rink-willie-oree,https://www.geocaching.com/geocache/GC67ZEM_back-at-the-rink-willie-oree,N 45° 58.735,W 066° 37.126,63,3
GC685QC,"Remember This Place, Marion?",remember this place marion,remember-this-place-marion,https://www.geocaching.com/geocache/GC685QC_remember-this-place-marion,,,1,1
GC68RE3,"""Q""..... In Honour of Pirates Everywhere","""q"" in honour of pirates everywhere",q-in-honour-of-pirates-everywhere,https://www.geocaching.com/geocache/GC68RE3_q-in-honour-of-pirates-everywhere,N 45° 57.378,W 066° 41.958,13,1
GC69BFP,Caching around the Northside # 5 (revived Fulton),caching around the northside  5 (revived fulton),caching-around-the-northside-5-revived-fulton,https://www.geocaching.com/geocache/GC69BFP_caching-around-the-northside-5-revived-fulton,N 45° 59.174,W 066° 38.889,42,2
GC6A1VZ,Caching around the Northside # 7 (revived),caching around the northside  7 (revived),caching-around-the-northside-7-revived,https://www.geocaching.com/geocache/GC6A1VZ_caching-around-the-northside-7-revived,N 45° 58.595,W 066° 38.789,43,2
GC6A1W2,Caching around the Northside # 8,caching around the northside  8,caching-around-the-northside-8,https://www.geocaching.com/geocache/GC6A1W2_caching-around-the-northside-8,N 45° 58.486,W 066° 38.037,18,1
GC6A1W3,Caching around the Northside # 9,caching around the northside  9,caching-around-the-northside-9,https://www.geocaching.com/geocache/GC6A1W3_caching-around-the-northside-9,N 45° 58.333,W 066° 38.075,52,3
GC6AEZP,OBSERVE...BEING OBSERVED...OBSERVATORY,observebeing observedobservatory,observebeing-observedobservatory,https://www.geocaching.com/geocache/GC6AEZP_observebeing-observedobservatory,N 45° 57.079,W 066° 41.783,17,1
GC6AY3F,Saturday afternoon practice,saturday afternoon practice,saturday-afternoon-practice,https://www.geocaching.com/geocache/GC6AY3F_saturday-afternoon-practice,N 45° 58.613,W 066° 37.036,26,2
GC6CN0Y,Stay Tooned!,stay tooned,stay-tooned,https://www.geocaching.com/geocache/GC6CN0Y_stay-tooned,N 45° 58.898,W 066° 34.308,25,1
GC6D9PD,Van der beck,van der beck,van-der-beck,https://www.geocaching.com/geocache/GC6D9PD_van-der-beck,N 45° 59.965,W 066° 39.210,20,1
GC6DT3B,#4 for Spring 2016,4 for spring 2016,4-for-spring-2016,https://www.geocaching.com/geocache/GC6DT3B_4-for-spring-2016,N 45° 59.492,W 066° 38.775,12,1
GC6DTC2,QUEEN - Great Rock Bands Series,queen  great rock bands series,queen-great-rock-bands-series,https://www.geocaching.com/geocache/GC6DTC2_queen-great-rock-bands-series,N 45° 52.508,W 066° 44.870,25,1
GC6DTCW,RUSH - Great Rock Bands Series,rush  great rock bands series,rush-great-rock-bands-series,https://www.geocaching.com/geocache/GC6DTCW_rush-great-rock-bands-series,N 45° 52.603,W 066° 44.771,30,2
GC6DTEQ,Scorpions - Great Rock Bands Series,scorpions  great rock bands series,scorpions-great-rock-bands-series,https://www.geocaching.com/geocache/GC6DTEQ_scorpions-great-rock-bands-series,N 45° 52.699,W 066° 44.682,30,2
GC6DTH7,U2 - Great Rock Bands Series,u2  great rock bands series,u2-great-rock-bands-series,https://www.geocaching.com/geocache/GC6DTH7_u2-great-rock-bands-series,N 45° 53.032,W 066° 44.759,34,2
GC6EGQX,Moti-Cashe,moticashe,moticashe,https://www.geocaching.com/geocache/GC6EGQX_moticashe,N 45° 56.883,W 066° 38.442,87,4
GC6FXYZ,Provincial Monument - March of NB 104th,provincial monument  march of nb 104th,provincial-monument-march-of-nb-104th,https://www.geocaching.com/geocache/GC6FXYZ_provincial-monument-march-of-nb-104th,N 45° 57.686,W 066° 38.345,149,6
GC6G27C,Turn over a New Leaf,turn over a new leaf,turn-over-a-new-leaf,https://www.geocaching.com/geocache/GC6G27C_turn-over-a-new-leaf,N 45° 36.100,W 065° 35.337,25,1
GC6GM7H,Flip a Coin,flip a coin,flip-a-coin,https://www.geocaching.com/geocache/GC6GM7H_flip-a-coin,N 45° 19.751,W 066° 12.025,25,1
GC6GM82,Ingleside Nano,ingleside nano,ingleside-nano,https://www.geocaching.com/geocache/GC6GM82_ingleside-nano,N 45° 19.663,W 066° 12.144,10,1
GC6GM8B,Brittain Road GRC,brittain road grc,brittain-road-grc,https://www.geocaching.com/geocache/GC6GM8B_brittain-road-grc,N 45° 23.901,W 066° 17.249,36,2
GC6K51N,around the curve,around the curve,around-the-curve,https://www.geocaching.com/geocache/GC6K51N_around-the-curve,N 45° 42.056,W 067° 02.973,23,1
GC6PD42,Flo's cache,flos cache,flos-cache,https://www.geocaching.com/geocache/GC6PD42_flos-cache,N 45° 49.677,W 066° 10.965,16,1
GC6QCJT,No Bluffing Series # 18,no bluffing series  18,no-bluffing-series-18,https://www.geocaching.com/geocache/GC6QCJT_no-bluffing-series-18,N 45° 42.451,W 065° 24.607,41,2
GC6TFFF,FF2016: Au Naturel!,ff2016 au naturel,ff2016-au-naturel,https://www.geocaching.com/geocache/GC6TFFF_ff2016-au-naturel,N 45° 57.264,W 066° 40.043,78,4
GC6V0P0,FF2016 - BARBIE'S NEW RIDE,ff2016  barbies new ride,ff2016-barbies-new-ride,https://www.geocaching.com/geocache/GC6V0P0_ff2016-barbies-new-ride,N 45° 54.004,W 066° 39.048,14,1
GC6WM6X,Peddling their wares,peddling their wares,peddling-their-wares,https://www.geocaching.com/geocache/GC6WM6X_peddling-their-wares,N 45° 59.468,W 066° 39.048,26,2
GC6XZ96,"Ringing in the new year, 4th annual",ringing in the new year 4th annual,ringing-in-the-new-year-4th-annual,https://www.geocaching.com/geocache/GC6XZ96_ringing-in-the-new-year-4th-annual,N 45° 53.560,W 066° 41.306,7,1
GC6YH1F,Happy Anniversary,happy anniversary,happy-anniversary,https://www.geocaching.com/geocache/GC6YH1F_happy-anniversary,N 45° 59.054,W 066° 40.179,42,2
GC6Z1AZ,The lamb,the lamb,the-lamb,https://www.geocaching.com/geocache/GC6Z1AZ_the-lamb,N 47° 05.678,W 066° 00.108,0,0
GC6ZD3Q,Crabber's Cache - Green Run Series 2 of 3,crabbers cache  green run series 2 of 3,crabbers-cache-green-run-series-2-of-3,https://www.geocaching.com/geocache/GC6ZD3Q_crabbers-cache-green-run-series-2-of-3,N 46° 07.181,W 067° 06.337,2,1
GC6ZD4G,Crabber's Cache - Black Diamond Series 1 of 3,crabbers cache  black diamond series 1 of 3,crabbers-cache-black-diamond-series-1-of-3,https://www.geocaching.com/geocache/GC6ZD4G_crabbers-cache-black-diamond-series-1-of-3,N 46° 07.265,W 067° 06.752,0,0
GC6ZD4P,Crabber's Cache - Back Diamond Series 2 of 3,crabbers cache  back diamond series 2 of 3,crabbers-cache-back-diamond-series-2-of-3,https://www.geocaching.com/geocache/GC6ZD4P_crabbers-cache-back-diamond-series-2-of-3,N 46° 07.413,W 067° 06.266,0,0
GC6ZEFK,Easter Eggs - travaganza,easter eggs  travaganza,easter-eggs-travaganza,https://www.geocaching.com/geocache/GC6ZEFK_easter-eggs-travaganza,N 45° 58.142,W 066° 53.610,30,2
GC6ZMP5,"#9 A Groundhog By Any Other Name ""Pasture Pig""","9 a groundhog by any other name ""pasture pig""",9-a-groundhog-by-any-other-name-pasture-pig,https://www.geocaching.com/geocache/GC6ZMP5_9-a-groundhog-by-any-other-name-pasture-pig,N 45° 43.586,W 065° 31.721,85,4
GC6ZYQZ,Frogtape???,frogtape,frogtape,https://www.geocaching.com/geocache/GC6ZYQZ_frogtape,N 45° 57.648,W 066° 54.605,24,1
GC70C7V,NEOSTASH,neostash,neostash,https://www.geocaching.com/geocache/GC70C7V_neostash,N 46° 21.955,W 067° 02.125,0,0
GC747P0,24- SHORTCUT ROUTE 112,24 shortcut route 112,24-shortcut-route-112,https://www.geocaching.com/geocache/GC747P0_24-shortcut-route-112,N 46° 04.284,W 065° 19.975,57,3
GC747P4,25- SHORTCUT ROUTE 112,25 shortcut route 112,25-shortcut-route-112,https://www.geocaching.com/geocache/GC747P4_25-shortcut-route-112,N 46° 04.271,W 065° 20.153,49,2
GC747P8,27- SHORTCUT ROUTE 112,27 shortcut route 112,27-shortcut-route-112,https://www.geocaching.com/geocache/GC747P8_27-shortcut-route-112,N 46° 04.318,W 065° 20.664,49,2
GC747PA,28- SHORTCUT ROUTE 112,28 shortcut route 112,28-shortcut-route-112,https://www.geocaching.com/geocache/GC747PA_28-shortcut-route-112,N 46° 04.335,W 065° 21.174,52,3
GC747RC,29- SHORTCUT ROUTE 112,29 shortcut route 112,29-shortcut-route-112,https://www.geocaching.com/geocache/GC747RC_29-shortcut-route-112,N 46° 04.300,W 065° 20.300,35,2
GC748DF,30- SHORTCUT ROUTE 112,30 shortcut route 112,30-shortcut-route-112,https://www.geocaching.com/geocache/GC748DF_30-shortcut-route-112,N 46° 04.310,W 065° 21.895,53,3
GC748E3,31- SHORTCUT ROUTE 112,31 shortcut route 112,31-shortcut-route-112,https://www.geocaching.com/geocache/GC748E3_31-shortcut-route-112,N 46° 04.682,W 065° 22.735,48,2
GC748EA,32- SHORTCUT ROUTE 112,32 shortcut route 112,32-shortcut-route-112,https://www.geocaching.com/geocache/GC748EA_32-shortcut-route-112,N 46° 04.770,W 065° 22.918,41,2
GC748EF,33- SHORTCUT ROUTE 112,33 shortcut route 112,33-shortcut-route-112,https://www.geocaching.com/geocache/GC748EF_33-shortcut-route-112,N 46° 04.975,W 065° 23.955,48,2
GC748EM,34- SHORTCUT ROUTE 112,34 shortcut route 112,34-shortcut-route-112,https://www.geocaching.com/geocache/GC748EM_34-shortcut-route-112,N 46° 04.988,W 065° 24.212,50,2
GC748EW,35- SHORTCUT ROUTE 112,35 shortcut route 112,35-shortcut-route-112,https://www.geocaching.com/geocache/GC748EW_35-shortcut-route-112,N 46° 04.903,W 065° 24.809,49,2
GC748F8,36- SHORTCUT ROUTE 112,36 shortcut route 112,36-shortcut-route-112,https://www.geocaching.com/geocache/GC748F8_36-shortcut-route-112,N 46° 04.803,W 065° 25.316,48,2
GC748FJ,37- SHORTCUT ROUTE 112,37 shortcut route 112,37-shortcut-route-112,https://www.geocaching.com/geocache/GC748FJ_37-shortcut-route-112,N 46° 04.729,W 065° 25.464,43,2
GC748FQ,38- SHORTCUT ROUTE 112,38 shortcut route 112,38-shortcut-route-112,https://www.geocaching.com/geocache/GC748FQ_38-shortcut-route-112,N 46° 04.466,W 065° 25.913,43,2
GC748FW,39- SHORTCUT ROUTE 112,39 shortcut route 112,39-shortcut-route-112,https://www.geocaching.com/geocache/GC748FW_39-shortcut-route-112,N 46° 04.302,W 065° 27.530,48,2
GC748G4,40- SHORTCUT ROUTE 112,40 shortcut route 112,40-shortcut-route-112,https://www.geocaching.com/geocache/GC748G4_40-shortcut-route-112,N 46° 04.224,W 065° 27.676,49,2
GC748GH,41- SHORTCUT ROUTE 112,41 shortcut route 112,41-shortcut-route-112,https://www.geocaching.com/geocache/GC748GH_41-shortcut-route-112,N 46° 04.171,W 065° 27.850,37,2
GC748HC,42- SHORTCUT ROUTE 112,42 shortcut route 112,42-shortcut-route-112,https://www.geocaching.com/geocache/GC748HC_42-shortcut-route-112,N 46° 04.047,W 065° 28.125,49,2
GC748HH,43- SHORTCUT ROUTE 112,43 shortcut route 112,43-shortcut-route-112,https://www.geocaching.com/geocache/GC748HH_43-shortcut-route-112,N 46° 03.992,W 065° 28.278,49,2
GC748HK,44- SHORTCUT ROUTE 112,44 shortcut route 112,44-shortcut-route-112,https://www.geocaching.com/geocache/GC748HK_44-shortcut-route-112,N 46° 03.969,W 065° 28.423,45,2
GC748HZ,45- SHORTCUT ROUTE 112,45 shortcut route 112,45-shortcut-route-112,https://www.geocaching.com/geocache/GC748HZ_45-shortcut-route-112,N 46° 04.041,W 065° 28.841,43,2
GC748J4,46- SHORTCUT ROUTE 112,46 shortcut route 112,46-shortcut-route-112,https://www.geocaching.com/geocache/GC748J4_46-shortcut-route-112,N 46° 04.069,W 065° 29.037,45,2
GC748KD,47- SHORTCUT ROUTE 112,47 shortcut route 112,47-shortcut-route-112,https://www.geocaching.com/geocache/GC748KD_47-shortcut-route-112,N 46° 04.047,W 065° 29.159,45,2
GC748KG,48- SHORTCUT ROUTE 112,48 shortcut route 112,48-shortcut-route-112,https://www.geocaching.com/geocache/GC748KG_48-shortcut-route-112,N 46° 03.981,W 065° 29.411,45,2
GC748KM,49- SHORTCUT ROUTE 112,49 shortcut route 112,49-shortcut-route-112,https://www.geocaching.com/geocache/GC748KM_49-shortcut-route-112,N 46° 03.848,W 065° 29.619,45,2
GC748KP,50- SHORTCUT ROUTE 112,50 shortcut route 112,50-shortcut-route-112,https://www.geocaching.com/geocache/GC748KP_50-shortcut-route-112,N 46° 03.762,W 065° 29.755,45,2
GC748KR,51- SHORTCUT ROUTE 112,51 shortcut route 112,51-shortcut-route-112,https://www.geocaching.com/geocache/GC748KR_51-shortcut-route-112,N 46° 03.669,W 065° 30.157,47,2
GC748KX,52- SHORTCUT ROUTE 112,52 shortcut route 112,52-shortcut-route-112,https://www.geocaching.com/geocache/GC748KX_52-shortcut-route-112,N 46° 03.659,W 065° 30.532,46,2
GC748KZ,53- SHORTCUT ROUTE 112 - Truck Stop,53 shortcut route 112  truck stop,53-shortcut-route-112-truck-stop,https://www.geocaching.com/geocache/GC748KZ_53-shortcut-route-112-truck-stop,N 46° 03.575,W 065° 31.220,48,2
GC748M2,54- SHORTCUT ROUTE 112,54 shortcut route 112,54-shortcut-route-112,https://www.geocaching.com/geocache/GC748M2_54-shortcut-route-112,N 46° 03.493,W 065° 31.401,47,2
GC748M3,55- SHORTCUT ROUTE 112,55 shortcut route 112,55-shortcut-route-112,https://www.geocaching.com/geocache/GC748M3_55-shortcut-route-112,N 46° 03.220,W 065° 32.352,47,2
GC748M9,56- SHORTCUT ROUTE 112 - Blueberries!,56 shortcut route 112  blueberries,56-shortcut-route-112-blueberries,https://www.geocaching.com/geocache/GC748M9_56-shortcut-route-112-blueberries,N 46° 02.926,W 065° 33.533,45,2
GC748MF,57- SHORTCUT ROUTE 112,57 shortcut route 112,57-shortcut-route-112,https://www.geocaching.com/geocache/GC748MF_57-shortcut-route-112,N 46° 02.572,W 065° 34.060,45,2
GC748MH,58- SHORTCUT ROUTE 112,58 shortcut route 112,58-shortcut-route-112,https://www.geocaching.com/geocache/GC748MH_58-shortcut-route-112,N 46° 02.345,W 065° 35.841,41,2
GC748N4,59- SHORTCUT ROUTE 112,59 shortcut route 112,59-shortcut-route-112,https://www.geocaching.com/geocache/GC748N4_59-shortcut-route-112,N 46° 02.036,W 065° 36.022,46,2
GC748N9,60- SHORTCUT ROUTE 112,60 shortcut route 112,60-shortcut-route-112,https://www.geocaching.com/geocache/GC748N9_60-shortcut-route-112,N 46° 01.467,W 065° 37.336,45,2
GC748NA,61- SHORTCUT ROUTE 112,61 shortcut route 112,61-shortcut-route-112,https://www.geocaching.com/geocache/GC748NA_61-shortcut-route-112,N 46° 00.857,W 065° 37.974,44,2
GC748ND,63- SHORTCUT ROUTE 112,63 shortcut route 112,63-shortcut-route-112,https://www.geocaching.com/geocache/GC748ND_63-shortcut-route-112,N 46° 00.257,W 065° 38.344,13,1
GC748NG,62- SHORTCUT ROUTE 112,62 shortcut route 112,62-shortcut-route-112,https://www.geocaching.com/geocache/GC748NG_62-shortcut-route-112,N 46° 00.696,W 065° 38.072,45,2
GC748NJ,64- SHORTCUT ROUTE 112,64 shortcut route 112,64-shortcut-route-112,https://www.geocaching.com/geocache/GC748NJ_64-shortcut-route-112,N 45° 59.943,W 065° 38.850,44,2
GC748NN,65- SHORTCUT ROUTE 112 - Over a barrel,65 shortcut route 112  over a barrel,65-shortcut-route-112-over-a-barrel,https://www.geocaching.com/geocache/GC748NN_65-shortcut-route-112-over-a-barrel,N 45° 59.645,W 065° 39.428,45,2
GC748NR,66- SHORTCUT ROUTE 112,66 shortcut route 112,66-shortcut-route-112,https://www.geocaching.com/geocache/GC748NR_66-shortcut-route-112,N 45° 58.857,W 065° 40.447,40,2
GC748NW,67- SHORTCUT ROUTE 112 - Cap't Obvious,67 shortcut route 112  capt obvious,67-shortcut-route-112-capt-obvious,https://www.geocaching.com/geocache/GC748NW_67-shortcut-route-112-capt-obvious,N 45° 58.706,W 065° 40.674,46,2
GC748NY,68- SHORTCUT ROUTE 112,68 shortcut route 112,68-shortcut-route-112,https://www.geocaching.com/geocache/GC748NY_68-shortcut-route-112,N 45° 58.563,W 065° 40.852,45,2
GC748P0,69- SHORTCUT ROUTE 112,69 shortcut route 112,69-shortcut-route-112,https://www.geocaching.com/geocache/GC748P0_69-shortcut-route-112,N 45° 58.378,W 065° 41.413,45,2
GC748P2,70- SHORTCUT ROUTE 112,70 shortcut route 112,70-shortcut-route-112,https://www.geocaching.com/geocache/GC748P2_70-shortcut-route-112,N 45° 58.260,W 065° 41.873,43,2
GC748P3,71- SHORTCUT ROUTE 112,71 shortcut route 112,71-shortcut-route-112,https://www.geocaching.com/geocache/GC748P3_71-shortcut-route-112,N 45° 58.204,W 065° 42.203,44,2
GC748P4,72- SHORTCUT ROUTE 112,72 shortcut route 112,72-shortcut-route-112,https://www.geocaching.com/geocache/GC748P4_72-shortcut-route-112,N 45° 58.074,W 065° 42.920,46,2
GC748P6,73- SHORTCUT ROUTE 112 - Shine,73 shortcut route 112  shine,73-shortcut-route-112-shine,https://www.geocaching.com/geocache/GC748P6_73-shortcut-route-112-shine,N 45° 58.083,W 065° 43.297,46,2
GC748P8,74- SHORTCUT ROUTE 112,74 shortcut route 112,74-shortcut-route-112,https://www.geocaching.com/geocache/GC748P8_74-shortcut-route-112,N 45° 57.613,W 065° 44.138,49,2
GC748PA,Don't Worry Be Happy,dont worry be happy,dont-worry-be-happy,https://www.geocaching.com/geocache/GC748PA_dont-worry-be-happy,,,1,1
GC748PC,75- SHORTCUT ROUTE 112 - TNT,75 shortcut route 112  tnt,75-shortcut-route-112-tnt,https://www.geocaching.com/geocache/GC748PC_75-shortcut-route-112-tnt,N 45° 56.293,W 065° 45.358,46,2
GC748PD,76- SHORTCUT ROUTE 112,76 shortcut route 112,76-shortcut-route-112,https://www.geocaching.com/geocache/GC748PD_76-shortcut-route-112,N 45° 56.297,W 065° 46.892,50,2
GC748PJ,77- COLES ISLAND ROAD,77 coles island road,77-coles-island-road,https://www.geocaching.com/geocache/GC748PJ_77-coles-island-road,N 45° 56.304,W 065° 49.238,78,4
GC78QD8,McGivney's Nook,mcgivneys nook,mcgivneys-nook,https://www.geocaching.com/geocache/GC78QD8_mcgivneys-nook,N 46° 21.554,W 066° 33.431,13,1
GC78ZG0,Where I grew up fishin',where i grew up fishin,where-i-grew-up-fishin,https://www.geocaching.com/geocache/GC78ZG0_where-i-grew-up-fishin,N 45° 52.493,W 066° 01.312,19,1
GC7908G,A Bridge Over Tracks,a bridge over tracks,a-bridge-over-tracks,https://www.geocaching.com/geocache/GC7908G_a-bridge-over-tracks,N 46° 21.734,W 066° 33.384,16,1
GC7AJWE,A Small Tree With A View,a small tree with a view,a-small-tree-with-a-view,https://www.geocaching.com/geocache/GC7AJWE_a-small-tree-with-a-view,N 45° 58.349,W 066° 38.737,34,2
GC7CK2N,Nashwaak Watershed Tour #6,nashwaak watershed tour 6,nashwaak-watershed-tour-6,https://www.geocaching.com/geocache/GC7CK2N_nashwaak-watershed-tour-6,N 45° 58.556,W 066° 35.553,2,1
GC7DAVT,New Lenentine Cemetery,new lenentine cemetery,new-lenentine-cemetery,https://www.geocaching.com/geocache/GC7DAVT_new-lenentine-cemetery,N 45° 59.607,W 067° 25.979,5,1
GC7DJP1,aWard,award,award,https://www.geocaching.com/geocache/GC7DJP1_award,N 46° 02.024,W 066° 37.030,11,1
GC7ER02,"Big Rock, Nope!",big rock nope,big-rock-nope,https://www.geocaching.com/geocache/GC7ER02_big-rock-nope,N 45° 24.762,W 065° 56.780,27,2
GC7ETY2,"Nursery Rhyme Fun, ""One - Two Buckle My Shoe""","nursery rhyme fun ""one  two buckle my shoe""",nursery-rhyme-fun-one-two-buckle-my-shoe,https://www.geocaching.com/geocache/GC7ETY2_nursery-rhyme-fun-one-two-buckle-my-shoe,N 45° 24.985,W 065° 58.273,45,2
GC7EW6E,"Nursery Rhyme Fun ""A Wise Old Owl""","nursery rhyme fun ""a wise old owl""",nursery-rhyme-fun-a-wise-old-owl,https://www.geocaching.com/geocache/GC7EW6E_nursery-rhyme-fun-a-wise-old-owl,N 45° 25.387,W 065° 57.783,45,2
GC7FZW3,Mi'kmaq Fishing,mikmaq fishing,mikmaq-fishing,https://www.geocaching.com/geocache/GC7FZW3_mikmaq-fishing,N 46° 57.528,W 065° 50.899,0,0
GC7G0E5,"2018, Hello New Year",2018 hello new year,2018-hello-new-year,https://www.geocaching.com/geocache/GC7G0E5_2018-hello-new-year,N 45° 24.989,W 065° 56.542,18,1
GC7H9C3,2-Tie Me Kangaroo Down Sport,2tie me kangaroo down sport,2tie-me-kangaroo-down-sport,https://www.geocaching.com/geocache/GC7H9C3_2tie-me-kangaroo-down-sport,N 45° 43.525,W 065° 31.895,65,3
GC7HRE4,HOTEL SERIES - GRAND FALLS/GRAND SAULT,hotel series  grand fallsgrand sault,hotel-series-grand-fallsgrand-sault,https://www.geocaching.com/geocache/GC7HRE4_hotel-series-grand-fallsgrand-sault,N 47° 02.638,W 067° 46.116,19,1
GC7J85N,1st Nassis Scouts,1st nassis scouts,1st-nassis-scouts,https://www.geocaching.com/geocache/GC7J85N_1st-nassis-scouts,N 45° 37.000,W 067° 01.069,6,1
GC7QPTD,Celebrating 150 Years,celebrating 150 years,celebrating-150-years,https://www.geocaching.com/geocache/GC7QPTD_celebrating-150-years,N 45° 18.284,W 066° 11.696,20,1
GC7R33R,1st St. Margaret's Scout Group,1st st margarets scout group,1st-st-margarets-scout-group,https://www.geocaching.com/geocache/GC7R33R_1st-st-margarets-scout-group,N 45° 47.214,W 066° 51.172,10,1
GC7RBNF,Stop for a Quicky,stop for a quicky,stop-for-a-quicky,https://www.geocaching.com/geocache/GC7RBNF_stop-for-a-quicky,N 45° 50.623,W 066° 12.478,22,1
GC7RNH7,Protein in the Pines,protein in the pines,protein-in-the-pines,https://www.geocaching.com/geocache/GC7RNH7_protein-in-the-pines,N 45° 59.071,W 066° 42.700,3,1
GC7RNT0,Guarding the Penninsula #1,guarding the penninsula 1,guarding-the-penninsula-1,https://www.geocaching.com/geocache/GC7RNT0_guarding-the-penninsula-1,N 45° 20.948,W 066° 11.440,11,1
GC7RNTH,Milkish Inlet Covered Bridge,milkish inlet covered bridge,milkish-inlet-covered-bridge,https://www.geocaching.com/geocache/GC7RNTH_milkish-inlet-covered-bridge,N 45° 21.278,W 066° 07.924,11,1
GC7RNTR,Guarding the Penninsula #2,guarding the penninsula 2,guarding-the-penninsula-2,https://www.geocaching.com/geocache/GC7RNTR_guarding-the-penninsula-2,N 45° 27.457,W 065° 59.319,17,1
GC7RNV9,Guarding the Penninsula #4,guarding the penninsula 4,guarding-the-penninsula-4,https://www.geocaching.com/geocache/GC7RNV9_guarding-the-penninsula-4,N 45° 26.068,W 066° 07.879,8,1
GC7RNVF,Guarding the Pennisuala #5,guarding the pennisuala 5,guarding-the-pennisuala-5,https://www.geocaching.com/geocache/GC7RNVF_guarding-the-pennisuala-5,N 45° 24.408,W 066° 09.566,9,1
GC7TRK6,Fall Favourites - Explained!!!,fall favourites  explained,fall-favourites-explained,https://www.geocaching.com/geocache/GC7TRK6_fall-favourites-explained,N 45° 56.385,W 066° 39.483,9,1
GC7V072,Welcome to Ritchie Lake!,welcome to ritchie lake,welcome-to-ritchie-lake,https://www.geocaching.com/geocache/GC7V072_welcome-to-ritchie-lake,N 45° 24.796,W 065° 58.324,28,2
GC7V3MC,Coin Collector Cache,coin collector cache,coin-collector-cache,https://www.geocaching.com/geocache/GC7V3MC_coin-collector-cache,N 45° 54.432,W 066° 00.870,5,1
GC7VR5J,Scotch Colony #5,scotch colony 5,scotch-colony-5,https://www.geocaching.com/geocache/GC7VR5J_scotch-colony-5,N 46° 41.298,W 067° 35.221,0,0
GC80VKY,"2019, Hello New Year",2019 hello new year,2019-hello-new-year,https://www.geocaching.com/geocache/GC80VKY_2019-hello-new-year,N 45° 24.989,W 065° 56.542,10,1
